id,language,language_name,article_title,subdomain,question,reference_answer,source_url,model_answer,hallucinated,hallucination_score
en_gross_domestic_product_000,en,English,Gross domestic product,Macroeconomics,What is Gross domestic product?,Gross domestic product  is a monetary measure of the total market value of all of the final goods and services which are produced and rendered during a specific period of time  by a country or countries.,https://en.wikipedia.org/wiki/Gross_domestic_product,,,
en_gross_domestic_product_001,en,English,Gross domestic product,Macroeconomics,What is the role of Gross domestic product?,GDP is often used to measure the economic activity of a country or region.,https://en.wikipedia.org/wiki/Gross_domestic_product,,,
en_gross_domestic_product_002,en,English,Gross domestic product,Macroeconomics,"According to Wikipedia, what is notable about Gross domestic product?","The major components of GDP are consumption, government spending, net exports , and investment.",https://en.wikipedia.org/wiki/Gross_domestic_product,,,
en_gross_domestic_product_003,en,English,Gross domestic product,Macroeconomics,What is Gross domestic product?,Changing any of these factors can increase the size of the economy.,https://en.wikipedia.org/wiki/Gross_domestic_product,,,
en_gross_domestic_product_004,en,English,Gross domestic product,Macroeconomics,What is the role of Gross domestic product?,"For example, population growth through mass immigration can raise consumption and demand for public services, thereby contributing to GDP growth.",https://en.wikipedia.org/wiki/Gross_domestic_product,,,
en_gross_domestic_product_005,en,English,Gross domestic product,Macroeconomics,"According to Wikipedia, what is notable about Gross domestic product?","However, GDP is not a measure of overall standard of living or well-being, as it does not account for how income is distributed among the population.",https://en.wikipedia.org/wiki/Gross_domestic_product,,,
en_gross_domestic_product_006,en,English,Gross domestic product,Macroeconomics,What is Gross domestic product?,A country may rank high in GDP but still experience jobless growth depending on its planned economic structure and strategies.,https://en.wikipedia.org/wiki/Gross_domestic_product,,,
en_gross_domestic_product_007,en,English,Gross domestic product,Macroeconomics,What is the role of Gross domestic product?,Dividing total GDP by the population gives an idealized rough measure of GDP per capita.,https://en.wikipedia.org/wiki/Gross_domestic_product,,,
en_inflation_000,en,English,Inflation,Macroeconomics,What is Inflation?,"In economics, inflation is an increase in the average price of goods and services in terms of money.",https://en.wikipedia.org/wiki/Inflation,,,
en_inflation_001,en,English,Inflation,Macroeconomics,What is the role of Inflation?,"When the general price level rises, each unit of currency buys fewer goods and services; consequently, inflation corresponds to a reduction in the purchasing power of money.",https://en.wikipedia.org/wiki/Inflation,,,
en_inflation_002,en,English,Inflation,Macroeconomics,"According to Wikipedia, what is notable about Inflation?","The opposite of inflation is deflation, a decrease in the general price level of goods and services.",https://en.wikipedia.org/wiki/Inflation,,,
en_inflation_003,en,English,Inflation,Macroeconomics,What is Inflation?,"The common measure of inflation is the inflation rate, the annualized percentage change in a general price index.",https://en.wikipedia.org/wiki/Inflation,,,
en_inflation_004,en,English,Inflation,Macroeconomics,What is the role of Inflation?,"Changes in inflation are widely attributed to increases in the money supply, fluctuations in real demand for goods and services (also known as demand shocks, including changes in fiscal or monetary policy), changes in available supplies such as during energy crises , significant decreases in interest rates set by the central bank, or changes in inflation expectations, which may be self-fulfilling.",https://en.wikipedia.org/wiki/Inflation,,,
en_inflation_005,en,English,Inflation,Macroeconomics,"According to Wikipedia, what is notable about Inflation?",Moderate inflation affects economies in both positive and negative ways.,https://en.wikipedia.org/wiki/Inflation,,,
en_inflation_006,en,English,Inflation,Macroeconomics,What is Inflation?,"The negative effects would include an increase in the opportunity cost of holding money; uncertainty over future inflation, which may discourage investment and savings; and, if inflation were rapid enough, shortages of goods as consumers begin hoarding out of concern that prices will increase in the future.",https://en.wikipedia.org/wiki/Inflation,,,
en_inflation_007,en,English,Inflation,Macroeconomics,What is the role of Inflation?,"Positive effects include reducing unemployment due to nominal wage rigidity,allowing the central bank greater freedom in carrying out monetary policy, encouraging loans and investment instead of money hoarding, and avoiding the inefficiencies associated with deflation.",https://en.wikipedia.org/wiki/Inflation,,,
en_interest_rate_000,en,English,Interest rate,Macroeconomics,What is Interest rate?,"An interest rate is the amount of interest due per period, as a proportion of the amount lent, deposited, or borrowed.",https://en.wikipedia.org/wiki/Interest_rate,,,
en_interest_rate_001,en,English,Interest rate,Macroeconomics,What is the role of Interest rate?,Interest rate periods are ordinarily a year and are often annualized when not.,https://en.wikipedia.org/wiki/Interest_rate,,,
en_interest_rate_002,en,English,Interest rate,Macroeconomics,"According to Wikipedia, what is notable about Interest rate?","Alongside interest rates, three other variables determine total interest: principal sum, compounding frequency, and length of time.",https://en.wikipedia.org/wiki/Interest_rate,,,
en_interest_rate_003,en,English,Interest rate,Macroeconomics,What is Interest rate?,Interest rates reflect a borrower's willingness to pay for money now over money in the future.,https://en.wikipedia.org/wiki/Interest_rate,,,
en_interest_rate_004,en,English,Interest rate,Macroeconomics,What is the role of Interest rate?,"In debt financing, companies borrow capital from a bank, in the expectation that the borrowed capital may be used to generate a return on investment greater than the interest rates.",https://en.wikipedia.org/wiki/Interest_rate,,,
en_interest_rate_005,en,English,Interest rate,Macroeconomics,"According to Wikipedia, what is notable about Interest rate?","Failure of a borrower to continue paying interest is an example of default, which may be followed by bankruptcy proceedings.",https://en.wikipedia.org/wiki/Interest_rate,,,
en_interest_rate_006,en,English,Interest rate,Macroeconomics,What is Interest rate?,"In monetary policy and macroeconomics, the term ""interest rate"" is often used as shorthand for a central bank's policy rate, such as the United States Federal Reserve's federal funds rate.",https://en.wikipedia.org/wiki/Interest_rate,,,
en_interest_rate_007,en,English,Interest rate,Macroeconomics,What is the role of Interest rate?,"""Interest rate"" is also sometimes used synonymously with overnight rate, bank rate, base rate, discount rate, coupon rate, repo rate, prime rate, yield to maturity, and internal rate of return.",https://en.wikipedia.org/wiki/Interest_rate,,,
en_monetary_policy_000,en,English,Monetary policy,Macroeconomics,What is Monetary policy?,Monetary policy is the policy adopted by the monetary authority of a nation to affect monetary and other financial conditions to accomplish broader objectives like high employment and price stability (normally interpreted as a low and stable rate of inflation).,https://en.wikipedia.org/wiki/Monetary_policy,,,
en_monetary_policy_001,en,English,Monetary policy,Macroeconomics,What is the role of Monetary policy?,Further purposes of a monetary policy may be to contribute to economic stability or to maintain predictable exchange rates with other currencies.,https://en.wikipedia.org/wiki/Monetary_policy,,,
en_monetary_policy_002,en,English,Monetary policy,Macroeconomics,"According to Wikipedia, what is notable about Monetary policy?","Today most central banks in developed countries conduct their monetary policy within an inflation targeting framework, whereas the monetary policies of most developing countries' central banks target some kind of a fixed exchange rate system.",https://en.wikipedia.org/wiki/Monetary_policy,,,
en_monetary_policy_003,en,English,Monetary policy,Macroeconomics,What is Monetary policy?,"A third monetary policy strategy, targeting the money supply, was widely followed during the 1980s, but has diminished in popularity since then, though it is still the official strategy in a number of emerging economies.",https://en.wikipedia.org/wiki/Monetary_policy,,,
en_monetary_policy_004,en,English,Monetary policy,Macroeconomics,What is the role of Monetary policy?,"The tools of monetary policy vary from central bank to central bank, depending on the country's stage of development, institutional structure, tradition and political system.",https://en.wikipedia.org/wiki/Monetary_policy,,,
en_monetary_policy_005,en,English,Monetary policy,Macroeconomics,"According to Wikipedia, what is notable about Monetary policy?","Interest-rate targeting is generally the primary tool, being obtained either directly via administratively changing the central bank's own interest rates or indirectly via open market operations.",https://en.wikipedia.org/wiki/Monetary_policy,,,
en_monetary_policy_006,en,English,Monetary policy,Macroeconomics,What is Monetary policy?,"Interest rates affect general economic activity and consequently employment and inflation via a number of different channels, known collectively as the monetary transmission mechanism, and are also an important determinant of the exchange rate.",https://en.wikipedia.org/wiki/Monetary_policy,,,
en_monetary_policy_007,en,English,Monetary policy,Macroeconomics,What is the role of Monetary policy?,Other policy tools include communication strategies like forward guidance and in some countries the setting of reserve requirements.,https://en.wikipedia.org/wiki/Monetary_policy,,,
en_central_bank_000,en,English,Central bank,Macroeconomics,What is Central bank?,"A central bank, reserve bank, national bank, state bank, or monetary authority is a financial institution that manages the monetary policy of a country or monetary union.",https://en.wikipedia.org/wiki/Central_bank,,,
en_central_bank_001,en,English,Central bank,Banking & Credit,What is the role of Central bank?,"In contrast to a commercial bank, a central bank possesses a monopoly on increasing the monetary base.",https://en.wikipedia.org/wiki/Central_bank,,,
en_central_bank_002,en,English,Central bank,Banking & Credit,"According to Wikipedia, what is notable about Central bank?","Many central banks also have supervisory or regulatory powers to ensure the stability of commercial banks in their jurisdiction, to prevent bank runs, and, in some cases, to enforce policies on financial consumer protection, and against bank fraud, money laundering, or terrorism financing.",https://en.wikipedia.org/wiki/Central_bank,,,
en_central_bank_003,en,English,Central bank,Macroeconomics,What is Central bank?,"Central banks play a crucial role in macroeconomic forecasting, which is essential for guiding monetary policy decisions, especially during times of economic turbulence.",https://en.wikipedia.org/wiki/Central_bank,,,
en_central_bank_004,en,English,Central bank,Banking & Credit,What is the role of Central bank?,"Central banks in most developed nations are usually set up to be institutionally independent from political interference, even though governments typically have governance rights over them, legislative bodies exercise scrutiny, and central banks frequently do show responsiveness to politics.",https://en.wikipedia.org/wiki/Central_bank,,,
en_central_bank_005,en,English,Central bank,Banking & Credit,"According to Wikipedia, what is notable about Central bank?","Issues like central bank independence, central bank policies, and rhetoric in central bank governors' discourse or the premises of macroeconomic policies  of the state, are a focus of contention and criticism by some policymakers, researchers, and specialized business, economics, and finance media.",https://en.wikipedia.org/wiki/Central_bank,,,
en_credit_score_000,en,English,Credit score,Banking & Credit,What is Credit score?,"A credit score is a numerical expression based on a level analysis of a person's credit files, to represent the creditworthiness of an individual.",https://en.wikipedia.org/wiki/Credit_score,,,
en_credit_score_001,en,English,Credit score,Banking & Credit,What is the role of Credit score?,"A credit score is primarily based on a credit report, information typically sourced from credit bureaus.",https://en.wikipedia.org/wiki/Credit_score,,,
en_credit_score_002,en,English,Credit score,Banking & Credit,"According to Wikipedia, what is notable about Credit score?","Lenders, such as banks and credit card companies, use credit scores to evaluate the potential risk posed by lending money to consumers and to mitigate losses due to bad debt.",https://en.wikipedia.org/wiki/Credit_score,,,
en_credit_score_003,en,English,Credit score,Macroeconomics,What is Credit score?,"Lenders use credit scores to determine who qualifies for a loan, at what interest rate, and what credit limits.",https://en.wikipedia.org/wiki/Credit_score,,,
en_credit_score_004,en,English,Credit score,Banking & Credit,What is the role of Credit score?,Lenders also use credit scores to determine which customers are likely to bring in the most revenue.,https://en.wikipedia.org/wiki/Credit_score,,,
en_credit_score_005,en,English,Credit score,Banking & Credit,"According to Wikipedia, what is notable about Credit score?",Credit scoring is not limited to banks.,https://en.wikipedia.org/wiki/Credit_score,,,
en_credit_score_006,en,English,Credit score,Banking & Credit,What is Credit score?,Digital finance companies such as online lenders also use alternative data sources to calculate the creditworthiness of borrowers.,https://en.wikipedia.org/wiki/Credit_score,,,
en_basel_iii_000,en,English,Basel III,Banking & Credit,What is Basel III?,"Basel III is the third of three Basel Accords, a framework that sets international standards and minimums for bank capital requirements, stress tests, liquidity regulations, and leverage, with the goal of mitigating the risk of bank runs and bank failures.",https://en.wikipedia.org/wiki/Basel_III,,,
en_basel_iii_001,en,English,Basel III,Banking & Credit,What is the role of Basel III?,"It was developed in response to the deficiencies in financial regulation revealed by the 2008 financial crisis and builds upon the standards of Basel II, introduced in 2004, and Basel I, introduced in 1988.",https://en.wikipedia.org/wiki/Basel_III,,,
en_basel_iii_002,en,English,Basel III,Banking & Credit,"According to Wikipedia, what is notable about Basel III?","The Basel III requirements were published by the Basel Committee on Banking Supervision in 2010, and began to be implemented in major countries in 2012.",https://en.wikipedia.org/wiki/Basel_III,,,
en_basel_iii_003,en,English,Basel III,Banking & Credit,What is Basel III?,"Implementation of the Fundamental Review of the Trading Book , published and revised between 2013 and 2019, has been completed only in some countries and is scheduled to be completed in others in 2025 and 2026.",https://en.wikipedia.org/wiki/Basel_III,,,
en_basel_iii_004,en,English,Basel III,Banking & Credit,What is the role of Basel III?,"Implementation of the Basel III: Finalising post-crisis reforms , introduced in 2017, was extended several times, and will be phased-in by 2028.",https://en.wikipedia.org/wiki/Basel_III,,,
en_stock_market_index_000,en,English,Stock market index,Financial Markets,What is Stock market index?,"In finance, a stock market index or stock index is an index that measures the performance of a stock market, or of a subset of a stock market.",https://en.wikipedia.org/wiki/Stock_market_index,,,
en_stock_market_index_001,en,English,Stock market index,Financial Markets,What is the role of Stock market index?,It helps investors compare current stock price levels with past prices to calculate market performance.,https://en.wikipedia.org/wiki/Stock_market_index,,,
en_stock_market_index_002,en,English,Stock market index,Financial Markets,"According to Wikipedia, what is notable about Stock market index?","Investors may be able to invest in a stock market index by buying an index fund, which is structured as either a mutual fund or an exchange-traded fund, and ""tracks"" an index.",https://en.wikipedia.org/wiki/Stock_market_index,,,
en_foreign_exchange_market_000,en,English,Foreign exchange market,Financial Markets,What is Foreign exchange market?,The foreign exchange market  is a global decentralized or over-the-counter  market for the trading of currencies.,https://en.wikipedia.org/wiki/Foreign_exchange_market,,,
en_foreign_exchange_market_001,en,English,Foreign exchange market,Financial Markets,What is the role of Foreign exchange market?,This market determines foreign exchange rates for every currency.,https://en.wikipedia.org/wiki/Foreign_exchange_market,,,
en_foreign_exchange_market_002,en,English,Foreign exchange market,Banking & Credit,"According to Wikipedia, what is notable about Foreign exchange market?","By trading volume, it is by far the largest market in the world, followed by the credit market.",https://en.wikipedia.org/wiki/Foreign_exchange_market,,,
en_foreign_exchange_market_003,en,English,Foreign exchange market,Banking & Credit,What is Foreign exchange market?,The main participants are the larger international banks.,https://en.wikipedia.org/wiki/Foreign_exchange_market,,,
en_foreign_exchange_market_004,en,English,Foreign exchange market,Financial Markets,What is the role of Foreign exchange market?,"Financial centres function as anchors of trading between a range of multiple types of buyers and sellers around the clock, with the exception of weekends.",https://en.wikipedia.org/wiki/Foreign_exchange_market,,,
en_foreign_exchange_market_005,en,English,Foreign exchange market,Financial Markets,"According to Wikipedia, what is notable about Foreign exchange market?","As currencies are always traded in pairs, the market does not set a currency's absolute value, but rather determines its relative value by setting the market price of one currency if paid for with another.",https://en.wikipedia.org/wiki/Foreign_exchange_market,,,
en_foreign_exchange_market_006,en,English,Foreign exchange market,Financial Markets,What is Foreign exchange market?,Example: 1 USD is worth 1.1 Euros or 1.2 Swiss Francs etc.,https://en.wikipedia.org/wiki/Foreign_exchange_market,,,
en_foreign_exchange_market_007,en,English,Foreign exchange market,Financial Markets,What is the role of Foreign exchange market?,The market works through financial institutions and operates on several levels.,https://en.wikipedia.org/wiki/Foreign_exchange_market,,,
en_consumer_price_index_000,en,English,Consumer price index,Economic Indicators,What is Consumer price index?,It is calculated as the weighted average price of a market basket of consumer goods and services.,https://en.wikipedia.org/wiki/Consumer_price_index,,,
en_consumer_price_index_001,en,English,Consumer price index,Macroeconomics,What is the role of Consumer price index?,Changes in the CPI can be used to track inflation over time and to compare inflation rates between different countries.,https://en.wikipedia.org/wiki/Consumer_price_index,,,
en_consumer_price_index_002,en,English,Consumer price index,Macroeconomics,"According to Wikipedia, what is notable about Consumer price index?","While the CPI is not a perfect measure of inflation or the cost of living, it is a useful tool for tracking these economic indicators.",https://en.wikipedia.org/wiki/Consumer_price_index,,,
en_unemployment_000,en,English,Unemployment,Economic Indicators,What is Unemployment?,"Unemployment is measured by the unemployment rate, which is the number of people who are unemployed as a percentage of the labour force (the total number of people employed above a specified age added to those unemployed) during the reference period.",https://en.wikipedia.org/wiki/Unemployment,,,
en_balance_of_trade_000,en,English,Balance of trade,General Finance,What is Balance of trade?,"As of 2016, about 60 out of 200 countries have a trade surplus.",https://en.wikipedia.org/wiki/Balance_of_trade,,,
en_balance_of_trade_001,en,English,Balance of trade,General Finance,What is the role of Balance of trade?,"Economists reject the idea that a trade deficit is detrimental to a nation's economy, and the idea that a bilateral trade deficit is inherently bad.",https://en.wikipedia.org/wiki/Balance_of_trade,,,
en_anti_money_laundering_000,en,English,Anti–money laundering,Financial Regulation,What is Anti–money laundering?,"Anti–money laundering  refers to a set of laws, regulations and institutional practices designed to help financial institutions and other regulated entities prevent, detect, and report money laundering and related financial crime.",https://en.wikipedia.org/wiki/Anti–money_laundering,,,
en_anti_money_laundering_001,en,English,Anti–money laundering,Banking & Credit,What is the role of Anti–money laundering?,"(Anti–money laundering is sometimes paired with combating the financing of terrorism, using the initialism AML/CFT.) In addition to regulatory and supervisory arrangements intended to ensure that banks and other relevant firms implement AML controls and file suspicious transaction reports, the AML policy framework typically also involves financial intelligence units and relevant law enforcement agencies.",https://en.wikipedia.org/wiki/Anti–money_laundering,,,
en_income_tax_000,en,English,Income tax,Personal Finance,What is Income tax?,Income tax generally is computed as the product of a tax rate times the taxable income.,https://en.wikipedia.org/wiki/Income_tax,,,
en_income_tax_001,en,English,Income tax,Personal Finance,What is the role of Income tax?,Taxation rates may vary by type or characteristics of the taxpayer and the type of income.,https://en.wikipedia.org/wiki/Income_tax,,,
en_income_tax_002,en,English,Income tax,Personal Finance,"According to Wikipedia, what is notable about Income tax?",The tax rate may increase as taxable income increases .,https://en.wikipedia.org/wiki/Income_tax,,,
en_income_tax_003,en,English,Income tax,Personal Finance,What is Income tax?,The tax imposed on companies is usually known as corporate tax and is commonly levied at a flat rate.,https://en.wikipedia.org/wiki/Income_tax,,,
en_income_tax_004,en,English,Income tax,Personal Finance,What is the role of Income tax?,"Individual income is often taxed at progressive rates where the tax rate applied to each additional unit of income increases (e.g., the first $10,000 of income taxed at 0%, the next $10,000 taxed at 1%, etc.).",https://en.wikipedia.org/wiki/Income_tax,,,
en_income_tax_005,en,English,Income tax,Personal Finance,"According to Wikipedia, what is notable about Income tax?",Income from investments may be taxed at different  rates than other types of income.,https://en.wikipedia.org/wiki/Income_tax,,,
en_income_tax_006,en,English,Income tax,Banking & Credit,What is Income tax?,Credits of various sorts may be allowed that reduce tax.,https://en.wikipedia.org/wiki/Income_tax,,,
en_income_tax_007,en,English,Income tax,Banking & Credit,What is the role of Income tax?,Most jurisdictions either do not tax income earned outside the jurisdiction or allow a credit for taxes paid to other jurisdictions on such income.,https://en.wikipedia.org/wiki/Income_tax,,,
en_insurance_000,en,English,Insurance,Personal Finance,What is Insurance?,"Insurance is a means of protection from financial loss in which, in exchange for a fee, a party agrees to compensate another party in the event of a certain loss, damage, or injury.",https://en.wikipedia.org/wiki/Insurance,,,
en_insurance_001,en,English,Insurance,Personal Finance,What is the role of Insurance?,"The loss may or may not be financial, but it must always be reducible to financial terms.",https://en.wikipedia.org/wiki/Insurance,,,
en_bond__finance__000,en,English,Bond (finance),Banking & Credit,What is Bond (finance)?,"In finance, a bond is a type of security under which the issuer  owes the holder  a debt, and is obliged – depending on the terms – to provide cash flow to the creditor; which usually consists of repaying the principal  of the bond at the maturity date, as well as interest  over a specified amount of time.",https://en.wikipedia.org/wiki/Bond_(finance),,,
en_bond__finance__001,en,English,Bond (finance),Banking & Credit,What is the role of Bond (finance)?,"Bonds and stocks are both securities, but the major difference between the two is that  stockholders have an equity stake in a company , whereas bondholders have a creditor stake in a company .",https://en.wikipedia.org/wiki/Bond_(finance),,,
en_bond__finance__002,en,English,Bond (finance),Banking & Credit,"According to Wikipedia, what is notable about Bond (finance)?","As creditors, bondholders have priority over stockholders.",https://en.wikipedia.org/wiki/Bond_(finance),,,
en_bond__finance__003,en,English,Bond (finance),Banking & Credit,What is Bond (finance)?,"This means they will be repaid in advance of stockholders, but will rank behind secured creditors, in the event of bankruptcy.",https://en.wikipedia.org/wiki/Bond_(finance),,,
en_bond__finance__004,en,English,Bond (finance),Financial Markets,What is the role of Bond (finance)?,Certificates of deposit  or short-term commercial paper are classified as money market instruments and not bonds: the main difference is the length of the term of the instrument.,https://en.wikipedia.org/wiki/Bond_(finance),,,
en_bond__finance__005,en,English,Bond (finance),Financial Markets,"According to Wikipedia, what is notable about Bond (finance)?","The most common forms include municipal, corporate, and government bonds.",https://en.wikipedia.org/wiki/Bond_(finance),,,
en_bond__finance__006,en,English,Bond (finance),Financial Markets,What is Bond (finance)?,"Very often the bond is negotiable, that is, the ownership of the instrument can be transferred in the secondary market.",https://en.wikipedia.org/wiki/Bond_(finance),,,
en_bond__finance__007,en,English,Bond (finance),Banking & Credit,What is the role of Bond (finance)?,"This means that once the transfer agents at the bank medallion-stamp the bond, it is highly liquid on the secondary market.",https://en.wikipedia.org/wiki/Bond_(finance),,,
en_microfinance_000,en,English,Microfinance,Banking & Credit,What is Microfinance?,Microfinance consists of financial services designated for individuals and small businesses  who lack access to conventional banking and related services.,https://en.wikipedia.org/wiki/Microfinance,,,
en_microfinance_001,en,English,Microfinance,Banking & Credit,What is the role of Microfinance?,"Microfinance includes microcredit, the provision of small loans to poor clients; savings and checking accounts; microinsurance; and payment systems, among other services.",https://en.wikipedia.org/wiki/Microfinance,,,
en_microfinance_002,en,English,Microfinance,Banking & Credit,"According to Wikipedia, what is notable about Microfinance?","Microfinance product and services in MFI include:

Savings
Microcredit
Microinsurance
Microleasing and
Fund transfer/remittance.",https://en.wikipedia.org/wiki/Microfinance,,,
en_microfinance_003,en,English,Microfinance,Banking & Credit,What is Microfinance?,Microfinance initially had a limited definition: the provision of microloans to small scale entrepreneurs and small  businesses lacking access to credit.,https://en.wikipedia.org/wiki/Microfinance,,,
en_microfinance_004,en,English,Microfinance,Banking & Credit,What is the role of Microfinance?,"The two main mechanisms for the delivery of financial services to such clients were:

relationship-based banking for individual entrepreneurs and small businesses; and
group-based model, where several entrepreneurs come together to apply for loans and other services as a group.",https://en.wikipedia.org/wiki/Microfinance,,,
en_microfinance_005,en,English,Microfinance,Banking & Credit,"According to Wikipedia, what is notable about Microfinance?","Over time, microfinance has emerged as a larger movement whose object is: ""a world in which as everyone, especially the lower income classes and socially marginalized people and households have access to a wide range of affordable, high quality financial products and services, including not just credit but also savings, insurance, payment services, and fund transfers.""
Proponents of microfinance often claim that such access will help struggling classes out of poverty, including participants in the Microcredit Summit Campaign.",https://en.wikipedia.org/wiki/Microfinance,,,
en_microfinance_006,en,English,Microfinance,Banking & Credit,What is Microfinance?,"For many, microfinance is a way to promote economic development, employment and growth through the support of micro-entrepreneurs and small businesses; for others it is a way for the disadvantaged/less privileged to manage their finances more effectively and take advantage of economic opportunities while managing the risks.",https://en.wikipedia.org/wiki/Microfinance,,,
en_microfinance_007,en,English,Microfinance,Banking & Credit,What is the role of Microfinance?,Critics often point to some of the ills of microcredit that can create indebtedness.,https://en.wikipedia.org/wiki/Microfinance,,,
en_financial_inclusion_000,en,English,Financial inclusion,General Finance,What is Financial inclusion?,Financial inclusion is the availability and equality of opportunities to access financial services.,https://en.wikipedia.org/wiki/Financial_inclusion,,,
en_financial_inclusion_001,en,English,Financial inclusion,Banking & Credit,What is the role of Financial inclusion?,"It refers to processes by which individuals and  businesses can access appropriate, affordable, and timely financial products and services—which include banking, loan,  equity, and insurance products.",https://en.wikipedia.org/wiki/Financial_inclusion,,,
en_financial_inclusion_002,en,English,Financial inclusion,Banking & Credit,"According to Wikipedia, what is notable about Financial inclusion?","It provides paths to enhance inclusiveness in economic growth by enabling the unbanked population to access the means for savings, investment, and insurance towards improving household income and reducing income inequality.",https://en.wikipedia.org/wiki/Financial_inclusion,,,
en_financial_inclusion_003,en,English,Financial inclusion,Banking & Credit,What is Financial inclusion?,"Financial-inclusion efforts typically target those who are unbanked or underbanked, and then direct sustainable financial services to them.",https://en.wikipedia.org/wiki/Financial_inclusion,,,
en_financial_inclusion_004,en,English,Financial inclusion,Banking & Credit,What is the role of Financial inclusion?,Providing financial inclusion entails going beyond merely opening a bank account.,https://en.wikipedia.org/wiki/Financial_inclusion,,,
en_financial_inclusion_005,en,English,Financial inclusion,Banking & Credit,"According to Wikipedia, what is notable about Financial inclusion?",Banked individuals can be excluded from other financial services.,https://en.wikipedia.org/wiki/Financial_inclusion,,,
en_financial_inclusion_006,en,English,Financial inclusion,General Finance,What is Financial inclusion?,"Having more-inclusive financial systems has been linked to stronger and more sustainable economic growth and development, thus achieving financial inclusion has become a priority for many countries across the globe.",https://en.wikipedia.org/wiki/Financial_inclusion,,,
en_financial_inclusion_007,en,English,Financial inclusion,Banking & Credit,What is the role of Financial inclusion?,"In 2021, about 1.4 billion adults lacked a bank account, declining further to 1.3 billion by 2024.",https://en.wikipedia.org/wiki/Financial_inclusion,,,
id_produk_domestik_bruto_000,id,Indonesian,Produk domestik bruto,Macroeconomics,Apa itu Produk domestik bruto?,Produk domestik bruto  atau dalam bahasa Inggris gross domestic product  adalah nilai pasar semua barang dan jasa yang diproduksi oleh suatu negara pada periode tertentu.,https://id.wikipedia.org/wiki/Produk_domestik_bruto,,,
id_inflasi_000,id,Indonesian,Inflasi,Macroeconomics,Apa itu Inflasi?,"Inflasi merupakan suatu proses meningkatnya harga-harga secara umum dan terus-menerus, kenaikan harga dari satu atau dua barang saja tidak dapat disebut inflasi kecuali bila kenaikan itu meluas  pada barang lainnya.",https://id.wikipedia.org/wiki/Inflasi,,,
id_inflasi_001,id,Indonesian,Inflasi,Macroeconomics,Apa peran Inflasi?,"Inflasi berkaitan dengan mekanisme pasar yang dapat disebabkan oleh berbagai faktor, antara lain: konsumsi masyarakat yang meningkat, berlebihnya likuiditas di pasar yang memicu konsumsi atau bahkan spekulasi, sampai termasuk juga akibat adanya ketidaklancaran distribusi barang.",https://id.wikipedia.org/wiki/Inflasi,,,
id_inflasi_002,id,Indonesian,Inflasi,Macroeconomics,"Menurut Wikipedia, apa yang penting tentang Inflasi?","Selain itu, ketidakstabilan ekonomi dan tingkat penjualan juga menimbulkan inflasi.",https://id.wikipedia.org/wiki/Inflasi,,,
id_inflasi_003,id,Indonesian,Inflasi,Macroeconomics,Apa itu Inflasi?,"Dengan kata lain, inflasi juga merupakan proses menurunnya nilai mata uang secara kontinu.",https://id.wikipedia.org/wiki/Inflasi,,,
id_inflasi_004,id,Indonesian,Inflasi,Macroeconomics,Apa peran Inflasi?,"Inflasi adalah proses dari suatu peristiwa, bukan tinggi-rendahnya tingkat harga.",https://id.wikipedia.org/wiki/Inflasi,,,
id_inflasi_005,id,Indonesian,Inflasi,Macroeconomics,"Menurut Wikipedia, apa yang penting tentang Inflasi?","Artinya, tingkat harga yang dianggap tinggi belum tentu menunjukan inflasi.",https://id.wikipedia.org/wiki/Inflasi,,,
id_inflasi_006,id,Indonesian,Inflasi,Macroeconomics,Apa itu Inflasi?,"Inflasi adalah indikator untuk melihat tingkat perubahan, dan dianggap terjadi jika proses kenaikan harga berlangsung secara terus-menerus dan saling pengaruh-memengaruhi.",https://id.wikipedia.org/wiki/Inflasi,,,
id_inflasi_007,id,Indonesian,Inflasi,Macroeconomics,Apa peran Inflasi?,Istilah inflasi juga digunakan untuk mengartikan peningkatan persediaan uang yang kadang kala dilihat sebagai penyebab meningkatnya harga.,https://id.wikipedia.org/wiki/Inflasi,,,
id_suku_bunga_000,id,Indonesian,Suku bunga,Macroeconomics,Apa itu Suku bunga?,"Persentase dari pokok utang yang dibayarkan sebagai imbal jasa  dalam suatu periode tertentu disebut ""suku bunga"".",https://id.wikipedia.org/wiki/Suku_bunga,,,
id_kebijakan_moneter_000,id,Indonesian,Kebijakan moneter,Macroeconomics,Apa itu Kebijakan moneter?,Kebijakan moneter adalah  sebuah kebijakan yang dikeluarkan oleh bank sentral dalam bentuk pengaturan  persediaan uang untuk mencapai tujuan tertentu.,https://id.wikipedia.org/wiki/Kebijakan_moneter,,,
id_kebijakan_moneter_001,id,Indonesian,Kebijakan moneter,Macroeconomics,Apa peran Kebijakan moneter?,"Kebijakan moneter dapat melibatkan mengeset standar bunga pinjaman, margin requirement, kapitalisasi untuk bank atau bahkan bertindak sebagai peminjam usaha terakhir atau melalui persetujuan melalui negosiasi dengan pemerintah lain.",https://id.wikipedia.org/wiki/Kebijakan_moneter,,,
id_kebijakan_moneter_002,id,Indonesian,Kebijakan moneter,Macroeconomics,"Menurut Wikipedia, apa yang penting tentang Kebijakan moneter?","Pada dasarnya kebijakan moneter merupakan suatu kebijakan yang bertujuan untuk mencapai keseimbangan internal (pertumbuhan ekonomi tinggi, stabilitas harga, pemerataan pembangunan) dan keseimbangan eksternal  serta tercapainya tujuan ekonomi makro, yakni menjaga stabilisasi ekonomi yang dapat diukur dengan kesempatan kerja, kestabilan harga serta neraca pembayaran internasional yang seimbang.",https://id.wikipedia.org/wiki/Kebijakan_moneter,,,
id_kebijakan_moneter_003,id,Indonesian,Kebijakan moneter,Macroeconomics,Apa itu Kebijakan moneter?,"Apabila kestabilan dalam kegiatan perekonomian terganggu, maka kebijakan moneter dapat dipakai untuk memulihkan .",https://id.wikipedia.org/wiki/Kebijakan_moneter,,,
id_kebijakan_moneter_004,id,Indonesian,Kebijakan moneter,Macroeconomics,Apa peran Kebijakan moneter?,"Pengaruh kebijakan moneter pertama kali akan dirasakan oleh sektor perbankan, yang kemudian ditransfer pada sektor riil.",https://id.wikipedia.org/wiki/Kebijakan_moneter,,,
id_kebijakan_moneter_005,id,Indonesian,Kebijakan moneter,Macroeconomics,"Menurut Wikipedia, apa yang penting tentang Kebijakan moneter?",Kebijakan moneter adalah upaya untuk mencapai tingkat pertumbuhan ekonomi yang tinggi secara berkelanjutan dengan tetap mempertahankan kestabilan harga.,https://id.wikipedia.org/wiki/Kebijakan_moneter,,,
id_kebijakan_moneter_006,id,Indonesian,Kebijakan moneter,Macroeconomics,Apa itu Kebijakan moneter?,"Untuk mencapai tujuan tersebut, Bank Sentral atau otoritas moneter berusaha mengatur keseimbangan antara persediaan uang dengan persediaan barang agar inflasi dapat terkendali, tercapai kesempatan kerja penuh dan kelancaran dalam pasokan/distribusi barang.",https://id.wikipedia.org/wiki/Kebijakan_moneter,,,
id_kebijakan_moneter_007,id,Indonesian,Kebijakan moneter,Macroeconomics,Apa peran Kebijakan moneter?,"Kebijakan moneter dilakukan antara lain dengan salah satu tetapi tidak terbatas pada instrumen sebagai berikut yaitu suku bunga, giro wajib minimum, intervensi di pasar valuta asing dan sebagai tempat terakhir bagi bank-bank untuk meminjam uang apabila mengalami kesulitan likuiditas.",https://id.wikipedia.org/wiki/Kebijakan_moneter,,,
id_bank_pusat_000,id,Indonesian,Bank pusat,Macroeconomics,Apa itu Bank pusat?,"Bank sentral atau bank pusat di suatu negara, pada umumnya adalah sebuah instansi yang bertanggung jawab atas kebijakan moneter di wilayah negara tersebut.",https://id.wikipedia.org/wiki/Bank_pusat,,,
id_bank_pusat_001,id,Indonesian,Bank pusat,Banking & Credit,Apa peran Bank pusat?,"Bank Sentral berusaha untuk menjaga stabilitas nilai mata uang, stabilitas sektor perbankan, dan sistem finansial secara keseluruhan.",https://id.wikipedia.org/wiki/Bank_pusat,,,
id_bank_pusat_002,id,Indonesian,Bank pusat,Banking & Credit,"Menurut Wikipedia, apa yang penting tentang Bank pusat?","Di Indonesia, fungsi bank sentral diselenggarakan oleh Bank Indonesia.",https://id.wikipedia.org/wiki/Bank_pusat,,,
id_bank_pusat_003,id,Indonesian,Bank pusat,Macroeconomics,Apa itu Bank pusat?,"Bank sentral adalah suatu institusi yang bertanggung jawab untuk menjaga stabilitas harga atau nilai suatu mata uang yang berlaku di negara tersebut, yang dalam hal ini dikenal dengan istilah inflasi atau naiknya harga-harga yang dalam arti lain turunnya suatu nilai uang.",https://id.wikipedia.org/wiki/Bank_pusat,,,
id_bank_pusat_004,id,Indonesian,Bank pusat,Macroeconomics,Apa peran Bank pusat?,"Bank Sentral menjaga agar tingkat inflasi terkendali dan selalu berada pada nilai yang serendah mungkin atau pada posisi yang optimal bagi perekonomian , dengan mengontrol keseimbangan jumlah uang dan barang.",https://id.wikipedia.org/wiki/Bank_pusat,,,
id_bank_pusat_005,id,Indonesian,Bank pusat,Banking & Credit,"Menurut Wikipedia, apa yang penting tentang Bank pusat?",Apabila jumlah uang yang beredar terlalu banyak maka bank sentral dengan menggunakan instrumen dan otoritas yang dimilikinya.,https://id.wikipedia.org/wiki/Bank_pusat,,,
id_skor_kredit_000,id,Indonesian,Skor kredit,Banking & Credit,Apa itu Skor kredit?,Skor kredit adalah sebuah sistem yang diterapkan oleh lembaga pembiayaan untuk menilai kelayakan peminjam saat mengajukan pinjaman.,https://id.wikipedia.org/wiki/Skor_kredit,,,
id_skor_kredit_001,id,Indonesian,Skor kredit,Banking & Credit,Apa peran Skor kredit?,Skor kredit memberikan gambaran tentang sejauh mana seseorang atau entitas dapat diandalkan untuk membayar kembali utang atau kewajiban keuangan lainnya.,https://id.wikipedia.org/wiki/Skor_kredit,,,
id_skor_kredit_002,id,Indonesian,Skor kredit,Banking & Credit,"Menurut Wikipedia, apa yang penting tentang Skor kredit?","Skor kredit biasanya dinyatakan dalam bentuk angka atau rentang angka tertentu, yang mencerminkan tingkat risiko yang terkait dengan peminjam atau penerima kredit.",https://id.wikipedia.org/wiki/Skor_kredit,,,
id_skor_kredit_003,id,Indonesian,Skor kredit,Banking & Credit,Apa itu Skor kredit?,"Semakin tinggi skor kredit seseorang, semakin baik kemungkinannya untuk mendapatkan persetujuan kredit atau pinjaman, karena hal tersebut menunjukkan bahwa individu tersebut memiliki catatan keuangan yang baik dan dapat dipercaya dalam membayar kembali utang-utangnya.",https://id.wikipedia.org/wiki/Skor_kredit,,,
id_bursa_efek_000,id,Indonesian,Bursa efek,Financial Markets,Apa itu Bursa efek?,"Bursa efek (bahasa Inggris: stock exchangecode: en is deprecated , bahasa Belanda: effectenbeurscode: nl is deprecated ) adalah sebuah pasar yang berhubungan dengan pembelian dan penjualan efek perusahaan yang sudah terdaftar di bursa itu.",https://id.wikipedia.org/wiki/Bursa_efek,,,
id_bursa_efek_001,id,Indonesian,Bursa efek,Financial Markets,Apa peran Bursa efek?,"Bursa efek tersebut, bersama-sama dengan pasar uang merupakan sumber utama permodalan eksternal bagi perusahaan dan pemerintah.",https://id.wikipedia.org/wiki/Bursa_efek,,,
id_bursa_efek_002,id,Indonesian,Bursa efek,Financial Markets,"Menurut Wikipedia, apa yang penting tentang Bursa efek?","Permintaan dan penawaran dalam pasar-pasar saham didukung faktor-faktor yang seperti halnya dalam setiap pasar bebas, memengaruhi harga saham .",https://id.wikipedia.org/wiki/Bursa_efek,,,
id_bursa_efek_003,id,Indonesian,Bursa efek,Financial Markets,Apa itu Bursa efek?,Sebuah bursa saham sering kali menjadi komponen terpenting dari sebuah pasar saham.,https://id.wikipedia.org/wiki/Bursa_efek,,,
id_bursa_efek_004,id,Indonesian,Bursa efek,Financial Markets,Apa peran Bursa efek?,Penawaran pertama dari saham kepada investor dinamakan pasar perdana atau pasar primer yang biasa dikenal pembelian saham IPO  dan perdagangan selanjutnya disebut pasar kedua atau pasar sekunder.,https://id.wikipedia.org/wiki/Bursa_efek,,,
id_bursa_efek_005,id,Indonesian,Bursa efek,Financial Markets,"Menurut Wikipedia, apa yang penting tentang Bursa efek?","Pada pasar perdana, para investor hanya bisa membeli saham, jika investor ingin menjual kembali sahamnya maka dapat dilakukan di pasar sekunder melalui perantara pedagang saham atau broker.",https://id.wikipedia.org/wiki/Bursa_efek,,,
id_pasar_valuta_asing_000,id,Indonesian,Pasar valuta asing,Financial Markets,Apa itu Pasar valuta asing?,Pasar valuta asing atau juga disingkat valas  adalah suatu jenis perdagangan atau transaksi yang memperdagangkan mata uang suatu negara terhadap mata uang negara lainnya  yang melibatkan pasar-pasar uang utama di dunia selama 24 jam secara berkesinambungan.,https://id.wikipedia.org/wiki/Pasar_valuta_asing,,,
id_pasar_valuta_asing_001,id,Indonesian,Pasar valuta asing,Financial Markets,Apa peran Pasar valuta asing?,"Pergerakan pasar valuta asing berputar mulai dari pasar Selandia Baru dan Australia yang berlangsung pukul 05.00–14.00 WIB, lalu berlanjut ke pasar Asia yaitu Jepang, Singapura, dan Hongkong yang berlangsung pukul 07.00–16.00 WIB, ke pasar Eropa yaitu Jerman dan Inggris yang berlangsung pukul 13.00–22.00 WIB, sampai ke pasar Amerika Serikat yang berlangsung pukul 17.00–05.00 WIB.",https://id.wikipedia.org/wiki/Pasar_valuta_asing,,,
id_pasar_valuta_asing_002,id,Indonesian,Pasar valuta asing,Banking & Credit,"Menurut Wikipedia, apa yang penting tentang Pasar valuta asing?","Dalam perkembangan sejarahnya, bank sentral milik negara-negara dengan cadangan mata uang asing yang terbesar sekalipun dapat dikalahkan oleh kekuatan pasar valuta asing yang bebas.",https://id.wikipedia.org/wiki/Pasar_valuta_asing,,,
id_pasar_valuta_asing_003,id,Indonesian,Pasar valuta asing,Banking & Credit,Apa itu Pasar valuta asing?,"Menurut survei BIS (Bank International for Settlement, bank sentral dunia), yang dilakukan pada akhir tahun 2004, nilai transaksi pasar valuta asing mencapai lebih dari USD$1,4 triliun per harinya.",https://id.wikipedia.org/wiki/Pasar_valuta_asing,,,
id_pasar_valuta_asing_004,id,Indonesian,Pasar valuta asing,Financial Markets,Apa peran Pasar valuta asing?,"Akibat pergerakan yang cepat tersebut, maka pasar valuta asing juga memiliki risiko yang sangat tinggi.",https://id.wikipedia.org/wiki/Pasar_valuta_asing,,,
id_indeks_harga_konsumen_000,id,Indonesian,Indeks harga konsumen,Macroeconomics,Apa itu Indeks harga konsumen?,"Indeks harga konsumen sering digunakan untuk mengukur tingkat inflasi suatu negara dan juga sebagai pertimbangan untuk penyesuaian gaji, upah, uang pensiun, dan kontrak lainnya.",https://id.wikipedia.org/wiki/Indeks_harga_konsumen,,,
id_indeks_harga_konsumen_001,id,Indonesian,Indeks harga konsumen,Economic Indicators,Apa peran Indeks harga konsumen?,"Pengukuran tingkat harga secara ekonomi makro, biasanya menggunakan pengukuran indeks harga konsumen Indeks harga konsumen dapat diartikan sebagai indeks harga dari biaya sekumpulan barang konsumsi yang masing-masing diberi bobot menurut proporsi belanja masyarakat untuk komoditas yang bersangkutan.",https://id.wikipedia.org/wiki/Indeks_harga_konsumen,,,
id_indeks_harga_konsumen_002,id,Indonesian,Indeks harga konsumen,Macroeconomics,"Menurut Wikipedia, apa yang penting tentang Indeks harga konsumen?",Indeks harga Konsumen merupakan persentase yang digunakan untuk menganalisis tingkat atau laju inflasi.,https://id.wikipedia.org/wiki/Indeks_harga_konsumen,,,
id_indeks_harga_konsumen_003,id,Indonesian,Indeks harga konsumen,Macroeconomics,Apa itu Indeks harga konsumen?,Indeks harga konsumen juga merupakan indikator yang digunakan pemerintah untuk mengukur inflasi.,https://id.wikipedia.org/wiki/Indeks_harga_konsumen,,,
id_indeks_harga_konsumen_004,id,Indonesian,Indeks harga konsumen,Macroeconomics,Apa peran Indeks harga konsumen?,Indeks harga konsumen adalah indeks yang sering dipakai namun bukanlah satu-satunya indeks yang dipakai untuk mengukur laju inflasi.,https://id.wikipedia.org/wiki/Indeks_harga_konsumen,,,
id_pengangguran_000,id,Indonesian,Pengangguran,Economic Indicators,Apa itu Pengangguran?,"Pengangguran sering kali menjadi masalah dalam perekonomian, karena dengan adanya pengangguran, produktivitas dan pendapatan masyarakat akan berkurang sehingga dapat menyebabkan timbulnya kemiskinan dan masalah-masalah sosial lainnya.",https://id.wikipedia.org/wiki/Pengangguran,,,
id_neraca_perdagangan_000,id,Indonesian,Neraca perdagangan,Economic Indicators,Apa itu Neraca perdagangan?,Kebijakan ekonomi di berbagai negara di Eropa pada abad pertengahan dikelompokkan dalam merkantilisme.,https://id.wikipedia.org/wiki/Neraca_perdagangan,,,
id_pencucian_uang_000,id,Indonesian,Pencucian uang,Financial Regulation,Apa itu Pencucian uang?,"Oleh karena itu, tindak pidana pencucian uang tidak hanya mengancam stabilitas dan integritas sistem perekonomian dan sistem keuangan, melainkan juga dapat membahayakan sendi-sendi kehidupan bermasyarakat, berbangsa, dan bernegara berdasarkan Pancasila dan Undang-Undang Dasar Negara Republik Indonesia Tahun 1945.",https://id.wikipedia.org/wiki/Pencucian_uang,,,
id_pajak_penghasilan_000,id,Indonesian,Pajak penghasilan,Banking & Credit,Apa itu Pajak penghasilan?,Pajak penghasilan adalah pajak yang dibebankan kepada individu atau entitas sesuai dengan pendapatan atau profit yang diterima oleh mereka.,https://id.wikipedia.org/wiki/Pajak_penghasilan,,,
id_pajak_penghasilan_001,id,Indonesian,Pajak penghasilan,Banking & Credit,Apa peran Pajak penghasilan?,"Pajak korporasi, yaitu pajak yang dibebankan kepada badan usaha, biasanya memiliki besaran yang tetap.",https://id.wikipedia.org/wiki/Pajak_penghasilan,,,
id_obligasi_000,id,Indonesian,Obligasi,Financial Markets,Apa itu Obligasi?,Obligasi pada umumnya di cetak dalam bentuk berjangka untuk waktu di tetapkan sekitar 10 tahun.,https://id.wikipedia.org/wiki/Obligasi,,,
id_obligasi_001,id,Indonesian,Obligasi,Banking & Credit,Apa peran Obligasi?,Surat utang piutang ini diatur dalam jangka waktu hingga 10 tahun disebut surat utang lalu pinjaman setahun dikatakan surat perbendaharaan.,https://id.wikipedia.org/wiki/Obligasi,,,
id_obligasi_002,id,Indonesian,Obligasi,Banking & Credit,"Menurut Wikipedia, apa yang penting tentang Obligasi?","Di negara Indonesia, obligasi berjangka 1 sampai 10 tahun itu dikeluarkan oleh pemerintah atau disebut surat utang negara disingkat SUN, sementara pinjaman dibawah 1 tahun itu diterbitkan pula oleh pemerintah dengan nama surat perbendaharaan negara disingkat SPN.",https://id.wikipedia.org/wiki/Obligasi,,,
id_obligasi_003,id,Indonesian,Obligasi,Banking & Credit,Apa itu Obligasi?,Penerbit obligasi adalah peminjam kemudian pemegang obligasi disebut pemberi kreditur.,https://id.wikipedia.org/wiki/Obligasi,,,
id_obligasi_004,id,Indonesian,Obligasi,Financial Markets,Apa peran Obligasi?,Surat perbendaharaan digunakan bagi sekuriti dengan penghasilan stabil dengan masa jatuh tempo kurang lebih 3 tahun.,https://id.wikipedia.org/wiki/Obligasi,,,
id_obligasi_005,id,Indonesian,Obligasi,Banking & Credit,"Menurut Wikipedia, apa yang penting tentang Obligasi?",Obligasi ini memiliki risiko sangat tinggi jika dibandingkan dengan surat utang yang memiliki risiko menengah jika dilihat dari durasi surat utang tersebut maka makin pendek pendek durasinya memiliki risiko makin rendah.Obligasi dan saham keduanya adalah instrumen keuangan yang disebut sekuriti tetapi bedanya adalah bahwa pemilik saham sebagai bagian dari pemilik penerbit saham sementara pemegang obligasi adalah semata pemberi atau kreditur kepada si penerbit.,https://id.wikipedia.org/wiki/Obligasi,,,
id_obligasi_006,id,Indonesian,Obligasi,Financial Markets,Apa itu Obligasi?,Dalam transaksi investasi obligasi di pasar sekunder di mana perhitungan harga yang digunakan sangat berbeda dengan perhitungan dalam perdagangan saham di mana harga yang digunakan menggunakan satuan persentase bukan denominasi rupiah.,https://id.wikipedia.org/wiki/Obligasi,,,
id_obligasi_007,id,Indonesian,Obligasi,Financial Markets,Apa peran Obligasi?,Dalam pasar modal tidak hanya terdapat investasi saham tetapi juga masyarakat dapat mempunyai surat utang dalam bentuk obligasi di pasar modal.,https://id.wikipedia.org/wiki/Obligasi,,,
id_bank_indonesia_000,id,Indonesian,Bank Indonesia,Banking & Credit,Apa itu Bank Indonesia?,Bank Indonesia  adalah bank sentral Republik Indonesia sesuai Pasal 23D Undang-Undang Dasar Negara Republik Indonesia Tahun 1945 dan Undang-Undang Nomor 23 Tahun 1999 Tentang Bank Indonesia.,https://id.wikipedia.org/wiki/Bank_Indonesia,,,
id_bank_indonesia_001,id,Indonesian,Bank Indonesia,Banking & Credit,Apa peran Bank Indonesia?,"Sebelum seluruh sahamnya dibeli oleh Pemerintah Indonesia, bank ini awalnya merupakan perseroan terbatas terbuka bernama De Javasche Bank N.V.",https://id.wikipedia.org/wiki/Bank_Indonesia,,,
id_bank_indonesia_002,id,Indonesian,Bank Indonesia,Banking & Credit,"Menurut Wikipedia, apa yang penting tentang Bank Indonesia?","Sebagai bank sentral, BI mempunyai tujuan tunggal, yaitu mencapai dan memelihara kestabilan nilai rupiah.",https://id.wikipedia.org/wiki/Bank_Indonesia,,,
id_bank_indonesia_003,id,Indonesian,Bank Indonesia,Macroeconomics,Apa itu Bank Indonesia?,"Ketiga tugas ini adalah:

menetapkan dan melaksanakan kebijakan moneter;
mengatur dan menjaga kelancaran sistem pembayaran; serta
mengatur dan mengawasi perbankan (tugas ini masih berlaku pasca-UU OJK, tetapi difokuskan pada aspek makroprudensial dalam rangka menjaga stabilitas sistem keuangan di Indonesia).",https://id.wikipedia.org/wiki/Bank_Indonesia,,,
id_bank_indonesia_004,id,Indonesian,Bank Indonesia,Banking & Credit,Apa peran Bank Indonesia?,"Setelah tugas mengatur dan mengawasi perbankan secara mikroprudensial dialihkan kepada Otoritas Jasa Keuangan, tugas BI dalam mengatur dan mengawasi perbankan tetap berlaku, tetapi difokuskan pada aspek makroprudensial Diarsipkan 2014-10-22 di Wayback Machine.",https://id.wikipedia.org/wiki/Bank_Indonesia,,,
id_bank_indonesia_005,id,Indonesian,Bank Indonesia,Banking & Credit,"Menurut Wikipedia, apa yang penting tentang Bank Indonesia?",Dalam melaksanakan tugas dan wewenangnya BI dipimpin oleh Dewan Gubernur yang diketuai oleh seorang Gubernur Bank Indonesia.,https://id.wikipedia.org/wiki/Bank_Indonesia,,,
id_bank_indonesia_006,id,Indonesian,Bank Indonesia,Banking & Credit,Apa itu Bank Indonesia?,"Sejak 24 Mei 2018, Perry Warjiyo menjabat sebagai Gubernur BI menggantikan Agus Martowardojo.",https://id.wikipedia.org/wiki/Bank_Indonesia,,,
id_otoritas_jasa_keuangan_000,id,Indonesian,Otoritas Jasa Keuangan,Financial Regulation,Apa itu Otoritas Jasa Keuangan?,OJK dibentuk berdasarkan UU Nomor 21 Tahun 2011 yang berfungsi menyelenggarakan sistem pengaturan dan pengawasan yang terintegrasi terhadap keseluruhan kegiatan di dalam sektor jasa keuangan.,https://id.wikipedia.org/wiki/Otoritas_Jasa_Keuangan,,,
id_otoritas_jasa_keuangan_001,id,Indonesian,Otoritas Jasa Keuangan,Banking & Credit,Apa peran Otoritas Jasa Keuangan?,"OJK didirikan untuk menggantikan peran Bapepam-LK dalam pengaturan dan pengawasan pasar modal dan lembaga keuangan, serta menggantikan peran Bank Indonesia dalam pengaturan dan pengawasan bank, serta untuk melindungi konsumen industri jasa keuangan.",https://id.wikipedia.org/wiki/Otoritas_Jasa_Keuangan,,,
id_otoritas_jasa_keuangan_002,id,Indonesian,Otoritas Jasa Keuangan,Financial Markets,"Menurut Wikipedia, apa yang penting tentang Otoritas Jasa Keuangan?","Berdasarkan UU Nomor 4 Tahun 2023 mengenai Pengembangan dan Penguatan Sektor Keuangan , OJK juga mendapat tambahan kewenangan untuk Keuangan Derivatif, Bursa Karbon, Inovasi Teknologi Sektor Keuangan, termasuk juga untuk Aset Keuangan Digital dan Aset Kripto, sebagian kewenangan dari Badan Pengawas Perdagangan Berjangka Komoditi  Kementerian Perdagangan.",https://id.wikipedia.org/wiki/Otoritas_Jasa_Keuangan,,,
th_______________000,th,Thai,อัตราดอกเบี้ย,Macroeconomics,อัตราดอกเบี้ย คืออะไร?,อัตราดอกเบี้ย คือ อัตราที่ผู้ยืมเงิน  จ่ายดอกเบี้ยสำหรับการใช้เงินที่ตนยืมมาจากผู้ให้ยืม  โดยเจาะจง อัตราดอกเบี้ยคือร้อยละของเงินต้นที่จ่ายเป็นจำนวนงวดต่อเวลาสำหรับระยะเวลาทั้งหมดระหว่างกำหนดระยะเวลาเงินกู้หรือเครดิตทั้งหมด อัตราดอกเบี้ยปกติแสดงเป็นร้อยละของเงินต้นต่อระยะเวลาหนึ่งปี บางครั้งอาจแสดงสำหรับระยะเวลาอื่น เช่น เป็นเดือนหรือวัน มีอัตราดอกเบี้ยหลายอัตราสำหรับระยะเวลาเดียวกันหรือเทียบกันได้ ขึ้นอยู่กับความน่าจะผิดนัดชำระหนี้ของผู้ยืม ระยะเวลาตกค้าง เงินตราที่จ่ายคืน และตัวกำหนดอีกหลายตัวของเงินกู้หรือเครดิต ตัวอย่างเช่น บริษัทหนึ่งยืมเงินทุนจากธนาคารเพื่อซื้อสินทรัพย์ใหม่สำหรับธุรกิจของตน และเพื่อเป็นการตอบแทนผู้ให้ยืมได้สิทธิเหนือสินทรัพย์ใหม่เป็นหลักทรัพย์ประกัน และดอกเบี้ย ณ อัตราดอกเบี้ยที่กำหนดไว้ล่วงหน้าสำหรับการยืดเวลาการใช้เงินทุนแล้วให้ยืมแก่ผู้ยืมแทน,https://th.wikipedia.org/wiki/อัตราดอกเบี้ย,,,
th_______________001,th,Thai,อัตราดอกเบี้ย,Macroeconomics,บทบาทของ อัตราดอกเบี้ย คืออะไร?,เป้าหมายอัตราดอกเบี้ยเป็นเครื่องมือสำคัญของนโยบายการเงิน และถูกนำมาพิจารณาเมื่อจัดการกับตัวแปรอย่างการลงทุน เงินเฟ้อและการว่างงาน ธนาคารกลางของประเทศต่าง ๆ มีแนวโน้มลดอัตราดอกเบี้ยเมื่อต้องการเพิ่มการลงทุนและการบริโภคในเศรษฐกิจของประเทศ อย่างไรก็ดี นโยบายเศรษฐกิจมหภาคอัตราดอกเบี้ยต่ำมีความเสี่ยงได้และอาจก่อให้เกิดฟองสบู่เศรษฐกิจ ซึ่งการลงทุนปริมาณมากเทเข้าสู่ตลาดอสังหาริมทรัพย์และตลาดหลักทรัพย์ ในประเทศพัฒนาแล้ว การปรับอัตราดอกเบี้ยจึงมีเพื่อควบคุมเงินเฟ้อให้อยู่ในพิสัยเป้าหมายสำหรับกิจกรรมทางเศรษฐกิจหรือจำกัดอัตราดอกเบี้ยให้สอดคล้องกับความเติบโตทางเศรษฐกิจเพื่อป้องกันแรงขับเคลื่อนทางเศรษฐกิจ,https://th.wikipedia.org/wiki/อัตราดอกเบี้ย,,,
th_______________000,th,Thai,นโยบายการเงิน,Macroeconomics,นโยบายการเงิน คืออะไร?,นโยบายการเงิน  เป็นนโยบายที่องค์การเงินตรา  ใช้เพื่อควบคุมอัตราดอกเบี้ยที่ใช้เงินสำหรับการกู้ยืมระยะสั้นมาก หรือปริมาณเงิน ซึ่งมักเป็นความพยายามเพื่อลดเงินเฟ้อหรืออัตราดอกเบี้ย เพื่อประกันเสถียรภาพราคาและความเชื่อมั่นทั่วไปในคุณค่าและเสถียรภาพของเงินตราของประเทศ,https://th.wikipedia.org/wiki/นโยบายการเงิน,,,
th_______________001,th,Thai,นโยบายการเงิน,Macroeconomics,บทบาทของ นโยบายการเงิน คืออะไร?,"นโยบายการเงินเป็นการดัดแปลงปริมาณเงิน คือ ""การพิมพ์"" เงินเพิ่ม หรือลดปริมาณเงินโดยเปลี่ยนแปลงอัตราดอกเบี้ยหรือถอนเงินสำรองส่วนเกิน ทั้งนี้ ต่างจากนโยบายการคลัง ซึ่งอาศัยการเก็บภาษีอากร การใช้จ่ายภาครัฐและการกู้ยืมภาครัฐ เพื่อจัดการปรากฏการณ์วัฏจักรธุรกิจ เช่น ภาวะเศรษฐกิจถดถอย",https://th.wikipedia.org/wiki/นโยบายการเงิน,,,
th____________000,th,Thai,ธนาคารกลาง,Banking & Credit,ธนาคารกลาง คืออะไร?,"ธนาคารกลาง (อังกฤษ: central bank, reserve bank หรือ monetary authority) เป็นหน่วยงานที่จัดตั้งขึ้นเพื่อใช้เป็นหน่วยงานกลางในการดำเนินการทางด้านการเงินของประเทศ ในประเทศไทยหน่วยงานที่ทำหน้าที่ธนาคารกลางคือ ธนาคารแห่งประเทศไทย",https://th.wikipedia.org/wiki/ธนาคารกลาง,,,
th________________000,th,Thai,ตลาดหลักทรัพย์,Financial Markets,ตลาดหลักทรัพย์ คืออะไร?,โดยทั่วไป จะไม่มีข้อผูกมัดใด ๆ สำหรับหุ้นที่ถูกออกผ่านทางตลาดหลักทรัพย์ และจะต้องไม่ทำการซื้อขายหลักทรัพย์เปลี่ยนแปลงในภายหลัง เช่น การซื้อขายดังกล่าวอาจจะต้องผ่านทางตลาดเจรจาต่อรอง  นี่เป็นวิธีแบบปกติที่มีการซื้อขายตราสารอนุพันธ์และพันธบัตร เพื่อที่จะเพิ่มมากขึ้น ตลาดหลักทรัพย์เป็นส่วนหนึ่งของตลาดหลักทรัพย์ทั่วโลก ตลาดหลักทรัพย์ยังทำหน้าที่ทางเศรษฐกิจในการให้สภาพคล่องแก่ผู้ที่ถือหุ้นในการจัดหาวิธีการที่มีประสิทธิภาพในจัดการหุ้น,https://th.wikipedia.org/wiki/ตลาดหลักทรัพย์,,,
th_________________000,th,Thai,อัตราแลกเปลี่ยน,General Finance,อัตราแลกเปลี่ยน คืออะไร?,ในการเงิน อัตราแลกเปลี่ยน  คืออัตราที่ใช้แลกเปลี่ยนสกุลเงินหนึ่งกับอีกสกุลเงินหนึ่ง โดยทั่วไปแล้ว สกุลเงินต่าง ๆ มักเป็นสกุลเงินประจำชาติ แต่อาจเป็นสกุลเงินของประเทศรอง เช่น ในกรณีของฮ่องกง หรืออาจเป็นสกุลเงินของสหภาพเหนือชาติ เช่น ในกรณีของเงินยูโร,https://th.wikipedia.org/wiki/อัตราแลกเปลี่ยน,,,
th_________________001,th,Thai,อัตราแลกเปลี่ยน,General Finance,บทบาทของ อัตราแลกเปลี่ยน คืออะไร?,อัตราแลกเปลี่ยนยังถือเป็นมูลค่าของสกุลเงินของประเทศหนึ่งเมื่อเทียบกับอีกสกุลเงินหนึ่ง ตัวอย่างเช่น อัตราแลกเปลี่ยนระหว่างธนาคารที่ 141 เยนญี่ปุ่นต่อดอลลาร์สหรัฐ หมายความว่า 141 เยนจะถูกแลกเปลี่ยนเป็น 1 ดอลลาร์สหรัฐ หรือ 1 ดอลลาร์สหรัฐจะถูกแลกเปลี่ยนเป็น 141 เยน ในกรณีนี้ กล่าวได้ว่าราคาของเงินดอลลาร์เมื่อเทียบกับเงินเยนคือ 141 เยน หรือกล่าวอีกนัยหนึ่งคือราคาของเงินเยนเมื่อเทียบกับเงินดอลลาร์คือ 1/141 ดอลลาร์สหรัฐ,https://th.wikipedia.org/wiki/อัตราแลกเปลี่ยน,,,
th_________________002,th,Thai,อัตราแลกเปลี่ยน,General Finance,อัตราแลกเปลี่ยน คืออะไร?,อัตราแลกเปลี่ยนอาจอ้างอิงเป็นอัตราส่วนได้ เช่น ดอลลาร์สหรัฐ/ยูโร อาจเท่ากับ 0.8625 ในกรณีนี้ อัตราส่วนดังกล่าวต้องตีความว่าเป็นอัตราส่วนที่ไม่มีมิติ กล่าวคือ ดอลลาร์สหรัฐ/ยูโร = 0.8625 หรือ 1 ดอลลาร์สหรัฐ = 0.8625 ยูโร หมายความว่า 1 ดอลลาร์สหรัฐจะแลกกับ 0.8625 ยูโร หรือ 1 ยูโรจะแลกกับ 1/0.8625 = 1.1594 ดอลลาร์สหรัฐ เทียบเท่ากับยูโร/ดอลลาร์สหรัฐ = 1.1594,https://th.wikipedia.org/wiki/อัตราแลกเปลี่ยน,,,
th_________________003,th,Thai,อัตราแลกเปลี่ยน,General Finance,บทบาทของ อัตราแลกเปลี่ยน คืออะไร?,แต่ละประเทศจะกำหนดระบบอัตราแลกเปลี่ยนที่จะใช้กับสกุลเงินของตน ตัวอย่างเช่น สกุลเงินอาจเป็นแบบลอยตัว แบบตรึงราคา  หรือแบบผสม รัฐบาลสามารถกำหนดข้อจำกัดและการควบคุมอัตราแลกเปลี่ยนได้ นอกจากนี้ ประเทศต่าง ๆ อาจมีสกุลเงินที่แข็งค่าหรืออ่อนค่าได้เช่นกัน ยังไม่มีข้อตกลงในเอกสารทางเศรษฐศาสตร์เกี่ยวกับนโยบายอัตราแลกเปลี่ยนของประเทศที่เหมาะสมที่สุด (ต่างจากในเรื่องการค้าที่การค้าเสรีถือว่าเหมาะสมที่สุด) แต่ระบบอัตราแลกเปลี่ยนของประเทศสะท้อนถึงปัจจัยทางการเมือง,https://th.wikipedia.org/wiki/อัตราแลกเปลี่ยน,,,
th_________________004,th,Thai,อัตราแลกเปลี่ยน,General Finance,อัตราแลกเปลี่ยน คืออะไร?,ในระบบอัตราแลกเปลี่ยนแบบลอยตัว อัตราแลกเปลี่ยนจะถูกกำหนดโดยตลาดแลกเปลี่ยนต่างประเทศ ซึ่งเปิดกว้างสำหรับผู้ซื้อและผู้ขายหลากหลายประเภท และมีการซื้อขายสกุลเงินอย่างต่อเนื่องตลอด 24 ชั่วโมง ยกเว้นวันหยุดสุดสัปดาห์ (เช่น ซื้อขายตั้งแต่เวลา 20.15 น. GMT ของวันอาทิตย์ จนถึงเวลา 22:00 น. GMT ของวันศุกร์) อัตราแลกเปลี่ยนแบบจุดคืออัตราแลกเปลี่ยนปัจจุบัน ในขณะที่อัตราแลกเปลี่ยนแบบล่วงหน้าคืออัตราแลกเปลี่ยนที่เสนอซื้อขายในวันนี้ แต่สำหรับการส่งมอบและการชำระเงินในวันที่กำหนดในอนาคต,https://th.wikipedia.org/wiki/อัตราแลกเปลี่ยน,,,
th_________________005,th,Thai,อัตราแลกเปลี่ยน,General Finance,บทบาทของ อัตราแลกเปลี่ยน คืออะไร?,ในตลาดแลกเปลี่ยนเงินตราปลีก ผู้รับแลกเงินตราจะเสนอราคาซื้อและราคาขายที่แตกต่างกัน โดยการแลกเปลี่ยนส่วนใหญ่จะเป็นการซื้อหรือขายสกุลเงินท้องถิ่น ซึ่งอัตราซื้อคืออัตราที่ผู้รับแลกเงินจะซื้อเงินตราต่างประเทศจากลูกค้า และอัตราขายก็คืออัตราที่ผู้รับแลกเงินจะขายสกุลเงินนั้น ๆ ให้กับลูกค้า อัตราที่เสนอจะมีการรวมค่าเผื่อสำหรับส่วนต่าง  ของผู้รับแลกเงินตราไว้ในการซื้อขาย หรืออาจมีการเก็บส่วนต่างนี้ในรูปของค่าคอมมิชชันหรือวิธีอื่น นอกจากนี้ อาจมีการเสนออัตราที่แตกต่างกันสำหรับการแลกเปลี่ยนในรูปแบบเงินสด ธุรกรรมเอกสาร หรือการโอนเงินทางอิเล็กทรอนิกส์ อัตราที่สูงกว่าสำหรับธุรกรรมเอกสารได้รับการอ้างเหตุผลว่าเป็นการชดเชยเวลาและต้นทุนที่เพิ่มขึ้นในการจัดการเอกสาร ในทางกลับกัน แม้ว่าเงินสดจะสามารถนำไปขายต่อได้ทันที แต่ก็มีค่าใช้จ่ายด้านความปลอดภัย การจัดเก็บ การขนส่ง และค่าใช้จ่ายในการผูกเงินทุนไว้ในสต็อกธนบัตร,https://th.wikipedia.org/wiki/อัตราแลกเปลี่ยน,,,
th____________000,th,Thai,การว่างงาน,Personal Finance,การว่างงาน คืออะไร?,สาเหตุของการว่างงานเป็นที่ถกเถียงกันอย่างหนัก เศรษฐศาสตร์คลาสสิก เศรษฐศาสตร์คลาสสิกใหม่ และเศรษฐศาสตร์สำนักออสเตรียแย้งว่ากลไกตลาดเป็นวิธีที่น่าเชื่อถือในการแก้ไขปัญหาการว่างงาน ทฤษฎีข้างต้นคัดค้านการแทรกแซงที่กำหนดต่อตลาดแรงงานจากภายนอก เช่น การจัดตั้งสหภาพแรงาน กฎทำงานระบบข้าราชการประจำ กฎหมายค่าแรงขั้นต่ำ ภาษีและการวางระเบียบอื่นซึ่งพวกเขาอ้างว่าขัดขวางการจ้างคนงาน เศรษฐศาสตร์แบบเคนส์เน้นย้ำสภาพวัฏจักรของการว่างงานและแนะนำให้รัฐบาลแทรกแซงตลาดแรงงานในเศรษฐกิจที่ทฤษฎีอ้างว่าจะลดการว่างงานระหว่างภาวะเศรษฐกิจตกต่ำ แบบจำลองเคนส์แนะนำให้รัฐบาลแทรกแซงซึ่งออกแบบมาเพื่อเพิ่มอุปสงค์สำหรับแรงงาน รวมทั้งสิ่งจูงใจทางการเงิน การสร้างงานที่ใช้งบประมาณสาธารณะและนโยบายการคลังแบบขยายตัว จอห์น เมย์นาร์ด เคนส์ นักเศรษฐศาสตร์ซึ่งเป็นบิดาทฤษฎีดังกล่าว เชื่อว่าสาเหตุรากเหง้าของการว่างงานคือความประสงค์ของนักลงทุนที่จะเอาเงินมากขึ้นแทนผลิตผลิตภัณฑ์เพิ่มขึ้น ซึ่งเป็นไปไม่ได้หากปราศจากหน่วยานสาธารณะผลิตเงินเพิ่ม ทฤษฎีกลุ่มที่สามเน้นความจำเป็นสำหรับากรมีอุปสงค์ทุนและการลงทุนอย่างเสถียรเพื่อรักษาการจ้างงานเต็มที่ ในมุมมองนี้ รัฐบาลควรรับประกันการจ้างงานเต็มผ่านนโยบายการเงิน นโยบายการคลังและนโยบายการค้า ตัวอย่างเช่น ในรัฐบัญญัติการจ้างงานสหรัฐ ค.ศ. 1946 โดยการถ่วงดุลภาคเอกชนหรือความผันผวนของการลงทุนการค้า และลดความไม่เสมอภาค,https://th.wikipedia.org/wiki/การว่างงาน,,,
th____________001,th,Thai,การว่างงาน,General Finance,บทบาทของ การว่างงาน คืออะไร?,นอกจากทฤษฎีการว่างงานแล้ว ยังมีการแบ่งหมวดการว่างงานอยู่บ้างซึ่งใช้แบบจำลองที่แม่นยำมากกว่าเพื่อสร้างแบบจำลองผลของการว่างงานในระบบเศรษฐกิจ การว่างงานหลักบางประเภท เช่น การว่างงานเชิงโครงสร้างและการว่างงานแบบเสียดทาน เช่นการว่างงานวัฏจักร การว่างงานโดยไม่สมัครใจ และการว่างงานคลาสสิก การว่างงานเชิโครสร้างเน้นปัญหารากฐานในเศรษฐกิจและความด้อยประสิทธิภาพที่พบในตลาดแรงงานเอง รวมทั้งความไม่สมดุลระหว่างอุปสงค์และอุปทานสำหรับผู้ใช้แรงงานที่มีชุดทักษะที่จำเป็น การให้เหตุผลเชิงโครงสร้างเน้นสาเหตุและทางแก้ไขที่เกี่ยวข้องกับเทคโนโลยีที่รบกวนและโลกาภิวัฒน์ การอภิปรายเกี่ยวกับการว่างงานแบบเสียดทานเน้นการตัดสินใจโดยสมัครใจให้ทำงานโดยตั้งอยู่บนการให้คุณค่างานของตนของปัจเจกบุคคล และว่าวิธีดังกล่าวเปรียบเทียบกับอตราค่าจ้างปัจจุบันบวกกับเวลาและความพยายามที่จำเป็นเพื่อหางาน สาเหตุและทางแก้สำหรับการว่างงานแบบเสียดทานมักเน้นขีดแบ่งการรับเข้าทำงานและอัตราค่าจ้าง,https://th.wikipedia.org/wiki/การว่างงาน,,,
th____________002,th,Thai,การว่างงาน,General Finance,การว่างงาน คืออะไร?,อัตราการว่างงานเป็นการวัดความชุกของการว่างงานและคำนวณเป็นร้อยละโดยหารจำนวนปัจเจกบุคคลว่างงานด้วยปัจเจกบุคคลทั้หมดที่ปัจจุบันอยู่ในกำลังแรงงาน ระหว่างช่วงภาวะเศรษฐกิจตกต่ำ เศรษฐกิจอาจประสบอัตราการว่างงานค่อนข้างสูง ประมาณ 6% ของกำลังแรงงานทั่วโลกว่างงานในปี 2555,https://th.wikipedia.org/wiki/การว่างงาน,,,
th_____________000,th,Thai,ภาษีเงินได้,General Finance,ภาษีเงินได้ คืออะไร?,ภาษีเงินได้  คือ ภาษีที่เรียกเก็บจากบุคคลหรือนิติบุคคล  โดยพิจารณาจากรายได้ หรือกำไรที่ได้รับ  โดยทั่วไปการคำนวณภาษีเงินได้จะได้มาจากผลคูณของอัตราภาษีกับเงินได้พึงประเมิน ทั้งนี้ อัตราภาษีอาจแตกต่างกันไปตามประเภทหรือคุณลักษณะของผู้เสียภาษี รวมถึงประเภทของรายได้,https://th.wikipedia.org/wiki/ภาษีเงินได้,,,
th_____________001,th,Thai,ภาษีเงินได้,General Finance,บทบาทของ ภาษีเงินได้ คืออะไร?,"อัตราภาษีอาจเพิ่มสูงขึ้นตามจำนวนเงินได้พึงประเมินที่เพิ่มขึ้น  ภาษีที่เรียกเก็บจากบริษัทมักเรียกว่า ภาษีเงินได้นิติบุคคล และโดยทั่วไปจะเรียกเก็บในอัตราคงที่ ส่วนรายได้ของบุคคลธรรมดามักถูกจัดเก็บในอัตราก้าวหน้า ซึ่งอัตราภาษีที่ใช้กับรายได้แต่ละส่วนที่เพิ่มขึ้นจะสูงขึ้นตามลำดับ (เช่น รายได้ 10,000 เหรียญแรกเสียภาษี 0% และ 10,000 เหรียญถัดไปเสียภาษี 1% เป็นต้น) เขตอำนาจศาลส่วนใหญ่มักยกเว้นภาษีให้แก่องค์กรการกุศลในท้องถิ่น นอกจากนี้ รายได้จากการลงทุนอาจถูกจัดเก็บในอัตราที่แตกต่างกัน  รายได้ประเภทอื่น และอาจมีการอนุญาตให้ใช้เครดิตภาษีรูปแบบต่าง ๆ เพื่อช่วยลดภาระภาษีได้ ในบางเขตอำนาจศาลอาจมีการเรียกเก็บภาษีเงินได้หรือภาษีที่คำนวณจากฐานรายได้ทางเลือกอื่น โดยจะเลือกเก็บจากจำนวนที่สูงกว่า",https://th.wikipedia.org/wiki/ภาษีเงินได้,,,
th______________000,th,Thai,การประกันภัย,Personal Finance,การประกันภัย คืออะไร?,"การประกันจักต้องผ่านกระบวนการพิจารณารับประกัน  เพื่อผู้รับประกันจักประเมินความเสี่ยงล่วงหน้าของ บุคคล, กลุ่มบุคคล หรือ ทรัพย์สิน นั้นๆ พร้อมกำหนด รายละเอียดความคุ้มครอง และค่าเบี้ยประกัน ผู้รับประกันอาจรับประกัน โดยแบ่งความเสี่ยงมาส่วนหนึ่ง หรือ ปฏิเสธ หากความเสี่ยงนั้นไม่อาจรับได้ หรือ ผู้รับประกันอาจรับประกันโดยเพิ่มอัตราเบี้ยพิเศษ เพื่อให้สามารถครอบคลุมความเสียหายที่อาจเกิดขึ้นในอนาคต",https://th.wikipedia.org/wiki/การประกันภัย,,,
th________________000,th,Thai,พันธบัตรรัฐบาล,General Finance,พันธบัตรรัฐบาล คืออะไร?,ยกตัวอย่างเช่น ผู้ถือหุ้นกู้ได้ลงทุนจำนวนเงิน 2 หมื่นดอลลาร์สหรัฐ  เข้าไปยังพันธบัตรรัฐบาลที่มีอายุ 10 ปี พร้อมด้วยจ่ายค่าดอกเบี้ยเป็นรายปี 10%; รัฐบาลจะจ่ายผู้ถือหุ้นกู้ 10% ของจำนวนเงิน 2 หมื่นดอลลาร์สหรัฐต่อปี ในวันที่ครบกำหนด รัฐบาลจะคืนเงินจำนวน 2 หมื่นดอลลาร์สหรัฐตามเดิม,https://th.wikipedia.org/wiki/พันธบัตรรัฐบาล,,,
th_____________________000,th,Thai,ธนาคารแห่งประเทศไทย,General Finance,ธนาคารแห่งประเทศไทย คืออะไร?,จัดตั้งขึ้นโดยพระราชบัญญัติธนาคารแห่งประเทศไทย พ.ศ. 2485 เปิดดำเนินการครั้งแรกเมื่อวันที่ 10 ธันวาคม พ.ศ. 2485 ธนาคารแห่งประเทศไทย เป็นนิติบุคคล มีฐานะเป็นหน่วยงานของรัฐที่ไม่เป็นส่วนราชการ หรือ รัฐวิสาหกิจ ในสังกัด กระทรวงการคลัง ตามกฎหมายว่าด้วยวิธีการงบประมาณและกฎหมายอื่น โดยมีหน้าที่หลักในการดูแลกำกับเรื่องการเงินของชาติ ทั้งออกกฎเกณฑ์และควบคุมสถาบันการเงิน นำออกหมุนเวียนซึ่งธนบัตรไทยรวมถึงการควบคุมการถ่ายโอนเงินตราระหว่างประเทศ และเฝ้าระวังอัตราแลกเปลี่ยนเงินบาทเทียบกับสกุลเงินตราอื่น,https://th.wikipedia.org/wiki/ธนาคารแห่งประเทศไทย,,,
th_____________________001,th,Thai,ธนาคารแห่งประเทศไทย,General Finance,บทบาทของ ธนาคารแห่งประเทศไทย คืออะไร?,"ปัจจุบันสมชัย สัจจพงษ์ เป็นประธานคณะกรรมการ, วิทัย รัตนากร เป็นผู้ว่าการธนาคารแห่งประเทศไทย, รุ่ง มัลลิกะมาส, อลิศรา มหาสันทนะ และปิติ ดิษยทัต เป็นรองผู้ว่าการธนาคารแห่งประเทศไทย",https://th.wikipedia.org/wiki/ธนาคารแห่งประเทศไทย,,,
vi_t_ng_s_n_ph_m_n_i___a_000,vi,Vietnamese,Tổng sản phẩm nội địa,Macroeconomics,Tổng sản phẩm nội địa là gì?,"Trong kinh tế học, tổng sản phẩm nội địa, tức tổng sản phẩm quốc nội hay GDP  là giá trị thị trường của tất cả hàng hóa và dịch vụ cuối cùng được sản xuất ra trong phạm vi một lãnh thổ nhất định  trong một thời kỳ nhất định .",https://vi.wikipedia.org/wiki/Tổng_sản_phẩm_nội_địa,,,
vi_t_ng_s_n_ph_m_n_i___a_001,vi,Vietnamese,Tổng sản phẩm nội địa,Macroeconomics,Vai trò của Tổng sản phẩm nội địa là gì?,"Gần đây, trong các tài liệu thống kê mang tính nghiêm ngặt, thuật ngữ tiếng Anh national gross domestic product- NGDP hay được dùng để chỉ tổng sản phẩm quốc nội, regional  gross domestic product- RGDP hay dùng để chỉ tổng sản phẩm nội địa của địa phương.",https://vi.wikipedia.org/wiki/Tổng_sản_phẩm_nội_địa,,,
vi_t_ng_s_n_ph_m_n_i___a_002,vi,Vietnamese,Tổng sản phẩm nội địa,Macroeconomics,Tổng sản phẩm nội địa là gì?,GDP là một trong những chỉ số cơ bản để đánh giá sự phát triển kinh tế của một vùng lãnh thổ nào đó.,https://vi.wikipedia.org/wiki/Tổng_sản_phẩm_nội_địa,,,
vi_l_m_ph_t_000,vi,Vietnamese,Lạm phát,Macroeconomics,Lạm phát là gì?,"Trong kinh tế vĩ mô, lạm phát  là sự tăng mức giá chung một cách liên tục của hàng hóa và dịch vụ theo thời gian và sự mất giá trị của một loại tiền tệ nào đó.",https://vi.wikipedia.org/wiki/Lạm_phát,,,
vi_l_m_ph_t_001,vi,Vietnamese,Lạm phát,Macroeconomics,Vai trò của Lạm phát là gì?,"Theo nghĩa đầu tiên thì người ta hiểu lạm phát của một loại tiền tệ tác động đến phạm vi nền kinh tế một quốc gia, còn theo nghĩa thứ hai thì người ta hiểu lạm phát của một loại tiền tệ tác động đến phạm vi nền kinh tế sử dụng loại tiền tệ đó.",https://vi.wikipedia.org/wiki/Lạm_phát,,,
vi_l_m_ph_t_002,vi,Vietnamese,Lạm phát,Macroeconomics,Lạm phát là gì?,Phạm vi ảnh hưởng của hai thành phần này vẫn là một vấn đề gây tranh cãi giữa các nhà kinh tế học vĩ mô.,https://vi.wikipedia.org/wiki/Lạm_phát,,,
vi_l_m_ph_t_003,vi,Vietnamese,Lạm phát,Macroeconomics,Vai trò của Lạm phát là gì?,"Một chỉ số lạm phát bằng 0 hay một chỉ số dương nhỏ thì được người ta gọi là sự ""ổn định giá cả"".",https://vi.wikipedia.org/wiki/Lạm_phát,,,
vi_l_m_ph_t_004,vi,Vietnamese,Lạm phát,Macroeconomics,Lạm phát là gì?,Lạm phát ảnh hưởng đến các nền kinh tế theo nhiều cách tích cực và tiêu cực khác nhau.,https://vi.wikipedia.org/wiki/Lạm_phát,,,
vi_l_m_ph_t_005,vi,Vietnamese,Lạm phát,Macroeconomics,Vai trò của Lạm phát là gì?,Các nhà kinh tế học thường cho rằng tỷ lệ lạm phát cao gây ra bởi sự cung ứng tiền quá mức.,https://vi.wikipedia.org/wiki/Lạm_phát,,,
vi_l_m_ph_t_006,vi,Vietnamese,Lạm phát,Macroeconomics,Lạm phát là gì?,"Tuy nhiên, quan điểm được số đông nhất trí là sự duy trì liên tục của lạm phát trong một thời kỳ nhất định là do sự cung ứng tiền nhanh hơn tốc độ phát triển kinh tế.",https://vi.wikipedia.org/wiki/Lạm_phát,,,
vi_l_i_su_t_000,vi,Vietnamese,Lãi suất,Macroeconomics,Lãi suất là gì?,"Trong kinh tế vĩ mô, lãi suất , là chi phí của việc giữ tiền  hay là chi phí của quyền sử dụng một đơn vị vốn vay nào đó trong một đơn vị thời gian , là tỷ lệ mà theo đó tiền lãi được người vay trả cho việc sử dụng tiền mà họ vay từ một người cho vay.",https://vi.wikipedia.org/wiki/Lãi_suất,,,
vi_l_i_su_t_001,vi,Vietnamese,Lãi suất,Macroeconomics,Vai trò của Lãi suất là gì?,"Cụ thể, lãi suất  là phần trăm tiền gốc  phải trả cho một số lượng nhất định của thời gian  mỗi thời kỳ .",https://vi.wikipedia.org/wiki/Lãi_suất,,,
vi_l_i_su_t_002,vi,Vietnamese,Lãi suất,Macroeconomics,Lãi suất là gì?,"Ví dụ, một công ty nhỏ vay vốn từ một ngân hàng để mua tài sản mới cho doanh nghiệp của mình, và ngược lại người cho vay nhận được tiền lãi theo lãi suất quy định cho việc trì hoãn sử dụng các khoản tiền và thay vào đó bằng việc cho vay nó cho người vay.",https://vi.wikipedia.org/wiki/Lãi_suất,,,
vi_l_i_su_t_003,vi,Vietnamese,Lãi suất,Macroeconomics,Vai trò của Lãi suất là gì?,Lãi suất thường được thể hiện như một tỷ lệ phần trăm của tiền gốc trong một khoảng thời gian một năm.,https://vi.wikipedia.org/wiki/Lãi_suất,,,
vi_l_i_su_t_004,vi,Vietnamese,Lãi suất,Macroeconomics,Lãi suất là gì?,"Các mục tiêu lãi suất là một công cụ quan trọng của chính sách tiền tệ và được tính tới khi xử lý các biến số như đầu tư, lạm phát và thất nghiệp.",https://vi.wikipedia.org/wiki/Lãi_suất,,,
vi_l_i_su_t_005,vi,Vietnamese,Lãi suất,Macroeconomics,Vai trò của Lãi suất là gì?,Các ngân hàng trung ương hoặc các ngân hàng dự trữ của các nước nói chung có xu hướng giảm lãi suất khi họ muốn tăng cường đầu tư và tiêu dùng trong nền kinh tế của đất nước.,https://vi.wikipedia.org/wiki/Lãi_suất,,,
vi_l_i_su_t_006,vi,Vietnamese,Lãi suất,Macroeconomics,Lãi suất là gì?,"Tuy nhiên, một lãi suất thấp như là một chính sách kinh tế vĩ mô có thể là rủi ro và có thể dẫn đến việc tạo ra một bong bóng kinh tế, trong đó một lượng lớn các đầu tư được đổ vào thị trường bất động sản và thị trường chứng khoán.",https://vi.wikipedia.org/wiki/Lãi_suất,,,
vi_l_i_su_t_007,vi,Vietnamese,Lãi suất,Macroeconomics,Vai trò của Lãi suất là gì?,"Điều này đã xảy ra tại Nhật Bản vào cuối những năm 1980 và đầu những năm 1990, sinh ra các khoản nợ lớn không được thanh toán cho các ngân hàng Nhật Bản và sự phá sản của các ngân hàng này và gây ra đình lạm trong nền kinh tế Nhật Bản (Nhật Bản là nền kinh tế lớn thứ hai thế giới vào thời điểm đó), với xuất khẩu trở thành trụ cột cuối cùng cho sự phát triển của nền kinh tế Nhật Bản trong suốt phần còn lại của những năm 1990 và đầu những năm 2000.",https://vi.wikipedia.org/wiki/Lãi_suất,,,
vi_ch_nh_s_ch_ti_n_t__000,vi,Vietnamese,Chính sách tiền tệ,Macroeconomics,Chính sách tiền tệ là gì?,"Chính sách lưu thông tiền tệ hay chính sách tiền tệ  là quá trình quản lý cung tiền  của cơ quan quản lý tiền tệ , thường là hướng tới một lãi suất mong muốn  để đạt được những mục đích ổn định và tăng trưởng kinh tế - như kiềm chế lạm phát, duy trì ổn định tỷ giá hối đoái, đạt được toàn dụng lao động hay tăng trưởng kinh tế.",https://vi.wikipedia.org/wiki/Chính_sách_tiền_tệ,,,
vi_ch_nh_s_ch_ti_n_t__001,vi,Vietnamese,Chính sách tiền tệ,Macroeconomics,Vai trò của Chính sách tiền tệ là gì?,"Chính sách lưu thông tiền tệ bao gồm việc thay đổi các loại lãi suất nhất định, có thể trực tiếp hay gián tiếp thông qua các nghiệp vụ thị trường mở; quy định mức dự trữ bắt buộc; hoặc trao đổi trên thị trường ngoại hối.",https://vi.wikipedia.org/wiki/Chính_sách_tiền_tệ,,,
vi_ng_n_h_ng_trung___ng_000,vi,Vietnamese,Ngân hàng trung ương,General Finance,Ngân hàng trung ương là gì?,"Ngân hàng trung ương (có khi gọi là ngân hàng dự trữ, hoặc cơ quan hữu trách về tiền tệ) là cơ quan đặc trách quản lý hệ thống tiền tệ của quốc gia/nhóm quốc gia/vùng lãnh thổ và chịu trách nhiệm thi hành chính sách tiền tệ.",https://vi.wikipedia.org/wiki/Ngân_hàng_trung_ương,,,
vi_ng_n_h_ng_trung___ng_001,vi,Vietnamese,Ngân hàng trung ương,Macroeconomics,Vai trò của Ngân hàng trung ương là gì?,"Mục đích hoạt động của ngân hàng trung ương là ổn định giá trị của tiền tệ, ổn định cung tiền, kiểm soát lãi suất, cứu các ngân hàng thương mại có nguy cơ đổ vỡ.",https://vi.wikipedia.org/wiki/Ngân_hàng_trung_ương,,,
vi_ng_n_h_ng_trung___ng_002,vi,Vietnamese,Ngân hàng trung ương,General Finance,Ngân hàng trung ương là gì?,"Hầu hết các ngân hàng trung ương thuộc sở hữu của Nhà nước, nhưng vẫn có mức độ độc lập nhất định đối với Chính phủ.",https://vi.wikipedia.org/wiki/Ngân_hàng_trung_ương,,,
vi_t__gi__h_i__o_i_000,vi,Vietnamese,Tỷ giá hối đoái,General Finance,Tỷ giá hối đoái là gì?,"Ví dụ, tỷ giá hối đoái ngân hàng trung ương giữa 131 yên Nhật và đô la Mỹ có nghĩa là ¥131 sẽ trao đổi lấy 1 đô la Mỹ, hoặc 1 đô la Mỹ sẽ trao đổi lấy ¥131.",https://vi.wikipedia.org/wiki/Tỷ_giá_hối_đoái,,,
vi_t__gi__h_i__o_i_001,vi,Vietnamese,Tỷ giá hối đoái,General Finance,Vai trò của Tỷ giá hối đoái là gì?,"Trong ví dụ này, giá trị của một đô la so với yên là ¥131, hoặc tương đương với việc giá trị của một yên so với đô la là $1/131.",https://vi.wikipedia.org/wiki/Tỷ_giá_hối_đoái,,,
vi_t__gi__h_i__o_i_002,vi,Vietnamese,Tỷ giá hối đoái,General Finance,Tỷ giá hối đoái là gì?,"Trong văn học kinh tế, không có sự đồng thuận về chính sách tỷ giá hối đoái quốc gia tối ưu (không giống như trong vấn đề thương mại, nơi thương mại tự do được coi là tối ưu).",https://vi.wikipedia.org/wiki/Tỷ_giá_hối_đoái,,,
vi_t__gi__h_i__o_i_003,vi,Vietnamese,Tỷ giá hối đoái,General Finance,Vai trò của Tỷ giá hối đoái là gì?,"Trong chế độ tỷ giá nổi, tỷ giá hối đoái được xác định trên thị trường ngoại hối, nơi mua bán tiền tệ diễn ra liên tục trong 24 giờ mỗi ngày, trừ cuối tuần (từ 20:15 GMT vào Chủ Nhật đến 22:00 GMT vào Thứ Sáu).",https://vi.wikipedia.org/wiki/Tỷ_giá_hối_đoái,,,
vi_ch__s__gi__ti_u_d_ng_000,vi,Vietnamese,Chỉ số giá tiêu dùng,Macroeconomics,Chỉ số giá tiêu dùng là gì?,Đây là chỉ tiêu được sử dụng phổ biến nhất để đo lường mức giá và sự thay đổi của mức giá chính là lạm phát (một chỉ tiêu khác để phản ánh mức giá chung là Chỉ số giảm phát tổng sản phẩm trong nước hay Chỉ số điều chỉnh GDP).,https://vi.wikipedia.org/wiki/Chỉ_số_giá_tiêu_dùng,,,
vi_th_t_nghi_p_000,vi,Vietnamese,Thất nghiệp,General Finance,Thất nghiệp là gì?,"Thất nghiệp trong kinh tế học, là tình trạng người lao động muốn có việc làm mà không tìm được việc làm hoặc không được tổ chức, công ty và cộng đồng nhận vào làm.",https://vi.wikipedia.org/wiki/Thất_nghiệp,,,
vi_c_n_c_n_th__ng_m_i_000,vi,Vietnamese,Cán cân thương mại,General Finance,Cán cân thương mại là gì?,"Khi mức chênh lệch là lớn hơn 0, thì cán cân thương mại có thặng dư.",https://vi.wikipedia.org/wiki/Cán_cân_thương_mại,,,
vi_c_n_c_n_th__ng_m_i_001,vi,Vietnamese,Cán cân thương mại,General Finance,Vai trò của Cán cân thương mại là gì?,"Ngược lại, khi mức chênh lệch nhỏ hơn 0, thì cán cân thương mại có thâm hụt.",https://vi.wikipedia.org/wiki/Cán_cân_thương_mại,,,
vi_c_n_c_n_th__ng_m_i_002,vi,Vietnamese,Cán cân thương mại,General Finance,Cán cân thương mại là gì?,"Khi mức chênh lệch đúng bằng 0, cán cân thương mại ở trạng thái cân bằng.",https://vi.wikipedia.org/wiki/Cán_cân_thương_mại,,,
vi_ng_n_h_ng_nh__n__c_vi_t_nam_000,vi,Vietnamese,Ngân hàng Nhà nước Việt Nam,General Finance,Ngân hàng Nhà nước Việt Nam là gì?,"Ngân hàng Nhà nước Việt Nam  là cơ quan ngang bộ của Chính phủ Việt Nam, là ngân hàng trung ương của nước Cộng hòa xã hội chủ nghĩa Việt Nam; thực hiện chức năng quản lý nhà nước về tiền tệ, hoạt động ngân hàng và ngoại hối; thực hiện chức năng của ngân hàng trung ương về phát hành tiền, ngân hàng của các tổ chức tín dụng và cung ứng dịch vụ tiền tệ cho Chính phủ; quản lý nhà nước các dịch vụ công thuộc phạm vi quản lý của Ngân hàng Nhà nước.",https://vi.wikipedia.org/wiki/Ngân_hàng_Nhà_nước_Việt_Nam,,,
tl_tubo_000,tl,Tagalog,Tubo,General Finance,Ano ang Tubo?,"Ang tubo /tu·bó/ ay isang genus ng 6 hanggang 37 mga species  ng mga matataas na damo , likas sa maiinit na lugar sa rehiyong tropikal ng Lumang Mundo.",https://tl.wikipedia.org/wiki/Tubo,,,
tl_tubo_001,tl,Tagalog,Tubo,General Finance,Ano ang papel ng Tubo?,"Ang mga ito ay matataba, maraming hilatsa ang tangkay, sa taas na 2 hanggang 6 na metro, at mayaman ang dagta nito sa asukal.",https://tl.wikipedia.org/wiki/Tubo,,,
tl_tubo_002,tl,Tagalog,Tubo,General Finance,Ano ang Tubo?,"Mayroong 13 milyong hektarya ng mga patanimang bukid ng tubo sa buong mundo, kasama ang mahigit sa 100 bansa na pinapatubo ang tanim.",https://tl.wikipedia.org/wiki/Tubo,,,
tl_tubo_003,tl,Tagalog,Tubo,General Finance,Ano ang papel ng Tubo?,Tinatayang nasa 2/3 ng mga tubo sa Pilipinas ay tinatanim dito.,https://tl.wikipedia.org/wiki/Tubo,,,
tl_palitan_ng_pera_000,tl,Tagalog,Palitan ng pera,General Finance,Ano ang Palitan ng pera?,Maaaring isa itong bangko o may kaugnayan at pinamamahalaan ng isang bangko.,https://tl.wikipedia.org/wiki/Palitan_ng_pera,,,
tl_kawalang_trabaho_000,tl,Tagalog,Kawalang-trabaho,General Finance,Ano ang Kawalang-trabaho?,"Ang kawalang-trabaho , ayon sa OECD (Organisasyon para sa Ekonomikang Pakikipagtulungan at Kaunlaran), ay kung ang mga taong nakatatanda sa nakatukoy na edad  ay hindi binabayaran sa pinaghahanapbuhayan o sariling hanapbuhay ngunit makakapagtrabaho sa tinutukoy na yugto.",https://tl.wikipedia.org/wiki/Kawalang-trabaho,,,
tl_kawalang_trabaho_001,tl,Tagalog,Kawalang-trabaho,General Finance,Ano ang papel ng Kawalang-trabaho?,"Marami ang posibleng sanhi ng kawalang-trabaho, tulad ng:

bagong teknolohiya at imbensyon
ang kalagayan ng ekonomiya, na maaaring maaaring maimpluwensiyahan ng resesyon
pakikitagis dahil sa globalisasyon at pandaigdigang kalakalan
mga patakaran ng pamahalaan
regulasyon at pamilihan
Ang kawalang-trabaho at kalagayan ng ekomnomiya ay maaaring maimpluwensiyahan ng bansa sa pamamagitan ng patakarang pampananalapi, bilang halimbawa.",https://tl.wikipedia.org/wiki/Kawalang-trabaho,,,
tl_kawalang_trabaho_002,tl,Tagalog,Kawalang-trabaho,General Finance,Ano ang Kawalang-trabaho?,"Bukod pa riyan, makaiimpluwensiya ang awtoridad ng salapi ng bansa, tulad ng bangko sentral, sa pagkakaroon at gastos para sa pera sa pamamagitan ng patakarang pang-salapi nito.",https://tl.wikipedia.org/wiki/Kawalang-trabaho,,,
tl_kawalang_trabaho_003,tl,Tagalog,Kawalang-trabaho,General Finance,Ano ang papel ng Kawalang-trabaho?,"Karagdagan sa mga teorya ng kawalang-trabaho, ginagamit ang iilang pagkakakategorya nito para sa mas tumpak na pagmomodelo sa mga epekto nito sa loob ng sistemang pang-ekonomiya.",https://tl.wikipedia.org/wiki/Kawalang-trabaho,,,
tl_kawalang_trabaho_004,tl,Tagalog,Kawalang-trabaho,General Finance,Ano ang Kawalang-trabaho?,"Nakatuon ang istruktural sa mga problema sa pundasyon ng ekonomiya at pagkawalang-liksi na likas sa mga merkado ng paggawa, kabilang ang hindi pagtutugma ng pagpupuno at pangangailangan ng mga manggagawa na may kinakailangang mga kasanayan.",https://tl.wikipedia.org/wiki/Kawalang-trabaho,,,
tl_kawalang_trabaho_005,tl,Tagalog,Kawalang-trabaho,General Finance,Ano ang papel ng Kawalang-trabaho?,"Ayon sa Pandaigdigang Organisasyon sa Paggawa  ng UN, 172 milyon katao sa buong mundo  ang walang trabaho noong 2018.",https://tl.wikipedia.org/wiki/Kawalang-trabaho,,,
tl_kawalang_trabaho_006,tl,Tagalog,Kawalang-trabaho,General Finance,Ano ang Kawalang-trabaho?,"Dahil sa hirap sa pagsusukat ng antas ng kawalang-trabaho sa pamamagitan ng, bilang halimbawa, mga surbey  o nakarehistrong mamamayan na walang trabaho , baka mas mainam ang mga estadistikal na bilang tulad ng tagway ng may trabaho sa populasyon  sa pagsusuri ng kalagayan ng lakas-paggawa at ekonomiya kung batay ang mga ito sa mga taong nakarehistro, halimbawa, bilang mga namumuwis.",https://tl.wikipedia.org/wiki/Kawalang-trabaho,,,
tl_balanse_ng_kalakalan_000,tl,Tagalog,Balanse ng kalakalan,General Finance,Ano ang Balanse ng kalakalan?,"Ang balanse ng kalakalan (Ingles: balance of trade o net exports, na may simbolong NX) ang pagkakaiba sa pagitan ng halagang pang-salpi ng mga niluluwas at mga inaangkat ng output sa isang ekonomiya sa loob ng isang panahon.",https://tl.wikipedia.org/wiki/Balanse_ng_kalakalan,,,
tl_balanse_ng_kalakalan_001,tl,Tagalog,Balanse ng kalakalan,General Finance,Ano ang papel ng Balanse ng kalakalan?,Ang sinaunang pagkaunawa ng paggana ng balanse ng kalakalan ang nabigay alam sa mga patakarang ekonomiko ng Sinaunang Modernong Europa na pinangkat sa ilalim ng pamumunong merkantilismo.,https://tl.wikipedia.org/wiki/Balanse_ng_kalakalan,,,
tl_balanse_ng_kalakalan_002,tl,Tagalog,Balanse ng kalakalan,General Finance,Ano ang Balanse ng kalakalan?,"Ang sinaunang pahayag ay lumitaw sa Discourse of the Common Wealth of this Realm of England, 1549: ""Dapat palagi nating pakinggan na hindi na tayo bibili sa mga estranhero kesa sa magbenta sa kanila, sapagkat ating papahirapin ang ating mga sarili at payayamanin sila."" Gayundin, ang isang sistematiko at konsistteng paliwanag ng balanse ng kalakalan ay ginawang publiko sa pamamagitan ni Thomas Mun's c1630, ""ang yaman ng Inglatera sa kalakalang dayuhan o balanse ng ating kalakalang dayuhan ang patakaran ng ating kayamanan.""",https://tl.wikipedia.org/wiki/Balanse_ng_kalakalan,,,
tl_seguro_000,tl,Tagalog,Seguro,General Finance,Ano ang Seguro?,Ang seguro  ay isang kataga sa batas at sa ekonomika.,https://tl.wikipedia.org/wiki/Seguro,,,
tl_bono_000,tl,Tagalog,Bono,General Finance,Ano ang Bono?,"Ang bono ay maaaring tumukoy sa:

Bono  bokalista ng bandang U2
Bono",https://tl.wikipedia.org/wiki/Bono,,,
tl_bangko_sentral_ng_pilipinas_000,tl,Tagalog,Bangko Sentral ng Pilipinas,General Finance,Ano ang Bangko Sentral ng Pilipinas?,Ang Bangko Sentral ng Pilipinas  ay isang bangko sentral ng Republika ng Pilipinas na naitatag noong 3 Enero 1949 bilang pangasiwaan ng sentrong pananalapi ng bansa.,https://tl.wikipedia.org/wiki/Bangko_Sentral_ng_Pilipinas,,,
tl_bangko_sentral_ng_pilipinas_001,tl,Tagalog,Bangko Sentral ng Pilipinas,General Finance,Ano ang papel ng Bangko Sentral ng Pilipinas?,"Isinaayos muli ang karta ng bangkong ito noong 3 Hulyo 1993, alinsunod sa mga panustos ng 1987 Saligang-Batas ng Pilipinas at ang Bagong Batas ng Bangko Sentral ng 1993.",https://tl.wikipedia.org/wiki/Bangko_Sentral_ng_Pilipinas,,,
tl_bangko_sentral_ng_pilipinas_002,tl,Tagalog,Bangko Sentral ng Pilipinas,General Finance,Ano ang Bangko Sentral ng Pilipinas?,Itinuturing na bangko ng mga bangko ang Bangko Sentral ng Pilipinas dahil sinusubaybayan nito ang lahat ng institusyon sa pananalapi.,https://tl.wikipedia.org/wiki/Bangko_Sentral_ng_Pilipinas,,,
